Milliseconds,X,Y,Z
8,-0.042061053,-0.023889214,9.806531
107,-0.043655965,-0.022844983,9.806526
208,-0.043350156,-0.020222206,9.806534
307,-0.04279976,-0.020301476,9.806536
407,-0.044721525,-0.014886768,9.806537
508,-0.045964245,-0.011835617,9.806536
607,-0.048267625,-0.010331478,9.806526
707,-0.04785871,-0.010203623,9.806528
807,-0.04600808,-0.011071294,9.806536
907,-0.04736562,-0.009925658,9.806531
1008,-0.0468114,-0.009822943,9.806534
1107,-0.045357805,-0.008069159,9.806542
1207,-0.046702728,-0.007698102,9.806536
1307,-0.04698988,-0.0055528646,9.806536
1408,-0.04556081,-0.0038151136,9.806543
1507,-0.042503644,-0.0050929138,9.806557
1607,-0.04768739,-0.0061437245,9.806532
1707,-0.048295736,-0.0073593296,9.806528
1807,-0.0498407,-0.0065238583,9.806521
1908,-0.048146453,-0.007234632,9.806529
2007,-0.046042845,-0.006246427,9.80654
2107,-0.047666583,-0.005461929,9.806533
2207,-0.050370254,-0.0069764736,9.806519
2308,-0.046380978,-0.009989918,9.806536
2407,-0.044593107,-0.006854046,9.806546
2507,-0.044428855,-0.005623078,9.806548
2607,-0.044742197,-0.0045667365,9.806547
2707,-0.045298487,-0.0045900038,9.806544
2807,-0.04405333,-0.0042648558,9.80655
2908,-0.043236677,-0.0063318457,9.806553
3007,-0.04609876,-0.011022513,9.806536
3107,-0.025612654,-0.038845684,9.80654
3207,-0.014694891,0.015846718,9.806626
3308,0.04935933,-0.007123205,9.806523
3407,0.4470514,0.039536357,9.796375
3507,0.3007383,1.092085,9.741011
3607,0.323104,1.620244,9.666478
3707,0.5255203,2.7217064,9.406728
3808,0.015088937,3.5909376,9.125531
3907,-0.4835594,5.1617355,8.3242445
4007,-0.7883513,6.4857306,7.313288
4107,-0.91191316,7.466711,6.2918224
4208,-0.5492234,8.493609,4.871072
4307,-0.47114563,8.950273,3.9800787
4407,-0.6853058,9.138776,3.49049
4507,-0.54185116,9.442416,2.5918248
4608,-0.26659083,9.6444,1.7563778
4707,-0.15779825,9.710238,1.362631
4807,-0.16900547,9.732972,1.1878873
4907,-0.10120264,9.798453,0.3878945
5008,-0.08574571,9.80611,-0.056866616
5107,-0.08710239,9.803359,-0.23866466
5207,-0.079719275,9.802206,-0.28422034
5307,-0.07322441,9.796713,-0.43526044
5407,-0.07767591,9.789117,-0.5809787
5508,-0.07604508,9.783259,-0.67264044
5607,-0.07344654,9.780162,-0.716541
5707,-0.07375664,9.785276,-0.64289
5807,-0.07533611,9.787025,-0.61549765
5908,-0.075767405,9.78521,-0.64368117
6007,-0.07691973,9.784708,-0.65111727
6107,-0.076017655,9.784999,-0.64683986
6207,-0.07325841,9.783328,-0.67194456
6308,-0.074487194,9.778795,-0.73485166
6407,-0.07471658,9.779058,-0.73131776
6507,-0.07462318,9.77979,-0.7214785
6607,-0.07580254,9.779704,-0.72251135
6708,-0.078896135,9.778825,-0.73399025
6807,-0.07549789,9.780076,-0.71749866
6907,-0.0727269,9.779447,-0.72630566
7007,-0.074298434,9.779865,-0.7204827
7108,-0.07360617,9.77958,-0.7244147
7207,-0.072999954,9.778817,-0.73471135
7307,-0.074214384,9.778792,-0.7349186
7407,-0.07444889,9.77919,-0.72957903
7507,-0.07585792,9.777866,-0.7469698
7608,-0.07292005,9.778391,-0.74036515
7707,-0.07231464,9.777878,-0.74716693
7807,-0.07650798,9.77763,-0.7499866
7907,-0.079270184,9.777243,-0.75473213
8007,-0.077808835,9.776186,-0.76845884
8108,-0.07769181,9.776291,-0.76713204
8207,-0.075866245,9.776513,-0.76448005
8307,-0.07550904,9.77466,-0.7878521
8407,-0.07283427,9.772456,-0.8149701
8508,-0.0722378,9.773815,-0.7985603
8607,-0.07411767,9.773715,-0.7996214
8707,-0.07283102,9.773211,-0.8058818
8807,-0.073692426,9.772151,-0.81854296
8907,-0.07644022,9.772685,-0.8118982
9008,-0.073978394,9.772481,-0.8145726
9107,-0.07773453,9.771977,-0.8202499
9207,-0.07369938,9.770195,-0.8415746
9307,-0.06774213,9.775088,-0.78322697
9408,-0.05902213,9.782586,-0.6840371
9507,0.07167606,9.744855,-1.0968382
9607,-0.14014137,9.682073,-1.5518425
9707,-0.08062416,9.43464,-2.6742213
9808,0.06446591,8.874654,-4.1721396
9907,0.07471523,8.119543,-5.498893
10007,-0.019260444,6.912208,-6.9563923
10107,0.12500928,5.6419587,-8.020166
10208,0.07272749,4.5496473,-8.687106
10307,0.06738021,3.1936877,-9.271796
10407,0.20134717,2.2014337,-9.554242
10507,0.104104,1.3896079,-9.707139
10608,0.08593684,1.1388154,-9.739923
10707,0.09067078,0.7540644,-9.777196
10807,0.07461591,0.4829252,-9.794468
10907,0.077256136,0.33933702,-9.800473
11008,0.07878428,0.21872112,-9.803894
11107,0.07746717,0.14005952,-9.805344
11207,0.07810803,0.10321437,-9.805796
11307,0.08030233,0.061455213,-9.8061285
11407,0.08252681,0.036593027,-9.806234
11508,0.080402575,0.016572945,-9.806307
11607,0.07974445,0.0070981383,-9.806323
11707,0.077537514,-2.3534331E-4,-9.806344
11807,0.0769767,-0.006442332,-9.806346
11908,0.08000585,-0.0067980993,-9.806321
12007,0.07867832,-0.01052259,-9.806329
12107,0.08104982,-0.01225155,-9.806308
12208,0.07675251,-0.016086308,-9.806336
12307,0.0789288,-0.016710928,-9.806318
12407,0.07904331,-0.015103443,-9.80632
12507,0.082740255,-0.017236328,-9.806286
12607,0.08440025,-0.020363811,-9.806266
12708,0.08574765,-0.018416842,-9.806258
12807,0.08312723,-0.017120194,-9.806283
12907,0.08102453,-0.019076185,-9.806297
13007,0.08012519,-0.018330725,-9.806306
13108,0.08260531,-0.020336904,-9.806281
13207,0.0838161,-0.019945882,-9.806272
13307,0.0823566,-0.019300692,-9.806286
13407,0.082745716,-0.019739795,-9.806281
13508,0.082909316,-0.019041153,-9.806281
13607,0.0841416,-0.018113032,-9.8062725
13707,0.084285945,-0.01825997,-9.806271
13807,0.083279744,-0.018284481,-9.806279
13907,0.08135722,-0.018209118,-9.806295
14008,0.08486184,-0.01697818,-9.806269
14107,0.08238546,-0.018565618,-9.806287
14207,0.08190191,-0.015714757,-9.806295
14307,0.048280995,-0.022523828,-9.806505
14408,0.12404892,0.021672312,-9.805841
14507,-0.005248512,0.18887608,-9.80483
14607,-0.48734444,0.3020819,-9.789874
14707,-1.9466523,0.74275726,-9.582758
14808,-4.1247134,1.3386911,-8.795739
14907,-6.551971,1.5916355,-7.1210084
15007,-8.347267,1.5749482,-4.900312
15107,-9.222149,1.7408249,-2.844624
15208,-9.51693,1.4919406,-1.8364493
15307,-9.691025,1.243118,-0.84207624
15407,-9.75774,0.93073505,-0.30106342
15507,-9.767995,0.86955523,-0.02303661
15608,-9.788893,0.5538291,0.20309097
15707,-9.788627,0.41413173,0.42622596
15807,-9.789869,0.2181326,0.5303411
15907,-9.783878,0.12054164,0.65694904
16007,-9.779522,0.08693261,0.7237287
16108,-9.779016,0.04476655,0.73433375
16207,-9.777328,0.019603886,0.75754356
16307,-9.776322,0.006870922,0.77062863
16407,-9.774743,-0.0013259384,0.79043096
16508,-9.771769,-0.007880963,0.82636213
16607,-9.770349,-0.010525721,0.8429536
16707,-9.768889,-0.0122251585,0.85967386
16807,-9.767836,-0.012694297,0.8715638
16907,-9.766383,-0.015192254,0.8876535
17008,-9.7621765,-0.015772559,0.93276185
17107,-9.766095,-0.016218927,0.8907903
17207,-9.764401,-0.016322358,0.9091658
17307,-9.76298,-0.016262498,0.9243038
17407,-9.762818,-0.017369747,0.92599255
17508,-9.762495,-0.015884336,0.9294237
17607,-9.762366,-0.016118161,0.93077195
17707,-9.762484,-0.015118986,0.92955947
17807,-9.762472,-0.019554816,0.9295903
17907,-9.762687,-0.019159894,0.9273381
18008,-9.76275,-0.018780269,0.92669326
18107,-9.762425,-0.01511143,0.9301639
18207,-9.762137,-0.017596312,0.93313825
18307,-9.762564,-0.018904427,0.9286411
18408,-9.762267,-0.018292893,0.9317723
18507,-9.761898,-0.017553473,0.9356424
18607,-9.762456,-0.017882222,0.929795
18707,-9.762246,-0.019025862,0.9319704
18808,-9.762624,-0.015693897,0.9280692
18907,-9.762915,-0.01605008,0.9250026
19007,-9.762801,-0.015551186,0.92620647
19107,-9.762562,-0.019088842,0.9286558
19208,-9.764894,0.005483015,0.9039966
19307,-9.7778015,0.20538473,0.72304475
19407,-9.784626,0.4942772,0.43263382
19507,-9.739515,1.120448,0.23836406
19608,-9.45332,2.607819,0.0664942
19707,-8.700087,4.525168,0.041705284
19807,-7.4885774,6.3314323,-0.067518115
19907,-3.0608172,9.302475,0.5154974
20008,4.681232,8.541891,1.1369014
20107,8.663993,4.4789667,1.0219972
20207,9.487396,2.2898679,0.9571899
20307,9.581319,1.6579863,1.2727156
20408,9.615117,1.3062896,1.4189816
20507,9.6577635,1.0196185,1.3632193
20607,9.702563,0.81521255,1.1687974
20707,9.728824,0.58705854,1.0843161
20808,9.739617,0.40374574,1.0710921
20907,9.747529,0.29122892,1.0350153
21007,9.775312,0.23851441,0.74616677
21107,9.80077,0.09453336,0.32614833
21207,9.799499,0.03633006,0.37267992
21308,9.7891655,0.13075322,0.5705572
21407,9.803947,0.16369317,0.16188274
21507,9.7727165,-0.050984625,0.8135116
21607,9.735504,0.057691805,1.1777122
21707,9.669275,0.049889404,1.6349374
21808,9.692566,0.04846203,1.490705
21907,9.707733,0.043042604,1.3886887
22007,9.723049,0.039390054,1.277161
22107,9.694583,0.035457652,1.4779047
22208,9.722419,0.035106476,1.2820832
22307,9.719865,0.034866124,1.3013085
22407,9.718466,0.032608014,1.3117751
22507,9.730254,0.033377945,1.2212405
22607,9.732023,0.033665627,1.207052
22708,9.730352,0.032452207,1.2204813
22807,9.731484,0.03155941,1.211443
22907,9.731381,0.029960683,1.2123101
23007,9.732271,0.0291254,1.2051692
23108,9.73239,0.025798779,1.2042849
23207,9.733446,0.026245588,1.1957071
23307,9.732734,0.028684381,1.2014407
23407,9.731264,0.02561675,1.2133534
23508,9.733601,0.026247319,1.1944526
23607,9.734974,0.026160624,1.1832142
23707,9.734038,0.028261088,1.1908379
23807,9.732884,0.030203002,1.2001798
23908,9.732961,0.029211007,1.1995846
24007,9.731397,0.030881252,1.2121658
24107,9.7333555,0.03207636,1.1963091
24208,9.732058,0.030563546,1.2068617
24307,9.730733,0.027804038,1.2175605
24407,9.730683,0.028710868,1.2179352
24507,9.757708,0.031898007,0.9780113
24608,9.769052,0.029306928,0.8574203
24707,9.782688,0.030570561,0.6844477
24807,9.793159,0.034282688,0.51308393
24907,9.797206,0.033557165,0.4289785
25008,9.803657,0.03665581,0.2394936
25107,9.805013,0.025855634,0.17730217
25207,9.806478,0.037874546,-0.044162627
25307,9.805897,0.03292316,-0.117050394
25407,9.804944,0.03078813,-0.18031101
25508,9.803721,0.031651277,-0.23754855
25607,9.802667,0.03280987,-0.27754432
25707,9.801386,0.031407394,-0.3197561
25807,9.7999735,0.03554436,-0.36005744
25907,9.799591,0.035146177,-0.3703575
26008,9.798334,0.03307876,-0.40241584
26107,9.798088,0.031455625,-0.40848088
26207,9.796818,0.03340048,-0.43775603
26307,9.7965975,0.049910683,-0.44110417
26408,9.80378,0.07186731,-0.22611296
26507,9.785601,0.014531211,0.64202857
26607,9.694197,0.07045607,1.4791812
26707,9.322689,0.02383234,3.0425785
26808,8.6418295,-0.058978047,4.635267
26907,7.7326446,-0.031286076,6.03122
27007,6.0237083,0.035271585,7.7384806
27107,4.903811,0.02301232,8.4924965
27208,3.2403505,-0.064856514,9.2556095
27307,2.2888925,-0.034498587,9.535731
27407,1.4601398,-0.012091717,9.697331
27507,0.9832501,-0.019435454,9.757215
27607,0.69996166,-0.020558754,9.781616
27708,0.45223093,-0.013974841,9.796207
27807,0.31512028,-0.009391798,9.801581
27907,0.20412685,-0.0073982226,9.8045225
28008,0.1277529,-0.0071041947,9.805816
28107,0.08710827,-0.005952804,9.806261
28207,0.053830866,-0.0026041847,9.806502
28308,0.034741737,-0.001473767,9.806589
28407,0.014166638,6.5589556E-4,9.80664
28507,0.004110821,-0.0011598669,9.806649
28607,-0.003364879,-0.0027996383,9.806649
28708,-0.0076308507,1.6442654E-4,9.806647
28807,-0.012277861,4.3076125E-4,9.806643
28907,-0.018611584,0.0017461283,9.806632
29007,-0.013314826,-6.230191E-4,9.806642
29108,-0.0148511445,-0.0028868993,9.806639
29207,-0.005357071,-0.0067918445,9.806646
29307,0.15831542,-0.047978625,9.805255
29407,0.46252686,0.08880876,9.795334
29507,1.1365688,-0.05808877,9.740391
29608,2.55079,-0.21000952,9.466771
29707,3.536848,-0.16324624,9.145186
29807,5.8190885,-0.24206464,7.8898673
29907,6.95256,-0.166564,6.9140835
30008,8.652517,-0.5462431,4.583225
30107,9.616971,-0.54271334,1.8411196
30207,9.776674,-0.6017166,-0.4743139
30307,9.540828,-0.6193264,-2.181612
30408,9.222617,-0.560571,-3.2862558
30507,8.680373,-0.6541557,-4.5159264
30607,7.8186736,-0.29663947,-5.911915
30707,7.0038395,-0.5969836,-6.8381453
30807,5.8189645,-0.48127693,-7.8789854
30908,4.90113,-0.32112354,-8.488003
31007,4.0008764,-0.26579687,-8.949454
31107,3.5041015,-0.13790905,-9.1582
31207,2.1809442,-0.08639483,-9.56067
31307,1.4032499,-0.09392077,-9.705279
31408,0.98253495,-0.0673574,-9.757073
31507,0.63681215,-0.051025074,-9.785819
31607,0.44571322,-0.041018296,-9.796431
31707,0.29008085,-0.03698485,-9.802289
31807,0.18574838,-0.03562239,-9.804826
31907,0.12939501,-0.033121657,-9.80574
32008,0.08107276,-0.028638234,-9.806273
32107,0.05199318,-0.02652652,-9.806477
32207,0.02964546,-0.025609713,-9.806572
32307,0.01255406,-0.025852358,-9.806608
32408,0.009295471,-0.022877762,-9.806619
32507,0.0017257904,-0.023988992,-9.806621
32607,-5.3775014E-4,-0.02379181,-9.806622
32708,-0.0034525164,-0.024790907,-9.806618
32807,-0.008875513,-0.022455376,-9.806621
32907,-0.00967115,-0.021602383,-9.806622
33007,-0.008899606,-0.023198206,-9.806619
33108,-0.0072530066,-0.023243539,-9.80662
33207,-0.006741861,-0.022059917,-9.806623
33307,-0.008102809,-0.020906705,-9.806624
33407,-0.006133487,-0.021978136,-9.806623
33508,-0.007541302,-0.022687273,-9.806622
33607,-0.008093214,-0.02111874,-9.806623
33707,-0.009133607,-0.017701587,-9.80663
33807,-0.011050858,-0.01760375,-9.806628
33907,-0.008709716,-0.018263614,-9.806629
34007,-0.010905006,-0.022699697,-9.806618
34108,-0.008020645,-0.022701414,-9.806621
34207,-0.0075667305,-0.02358532,-9.806619
34307,-0.008222428,-0.025338933,-9.806614
34407,-0.010760596,-0.024207903,-9.806615
34508,-0.011315688,-0.022976965,-9.806617
34607,-0.012083397,-0.021201212,-9.80662
34707,-0.0076703387,-0.021228101,-9.806624
34807,-0.008175119,-0.022383215,-9.806622
34908,-0.0067167683,-0.023568165,-9.80662
35007,-0.008035116,-0.024492528,-9.806616
35107,-0.0045552524,-0.023713725,-9.806621
35207,-1.5176565E-4,-0.021480389,-9.806626
35308,-0.0066957427,-0.024023065,-9.806619
35407,-0.006663423,-0.03751736,-9.806576
35507,-0.003353182,-0.020297581,-9.806628
35607,-0.012160672,-0.0314356,-9.806592
35708,0.076526456,0.026737701,-9.806315
35807,-0.05235232,-0.21020411,-9.804257
35907,-0.2802221,-0.46422768,-9.791647
36007,-0.3777894,-0.65132487,-9.777701
36108,-0.43026304,-0.67072475,-9.77422
36207,-0.4562376,-0.5112158,-9.782683
36307,-0.5796939,-0.39640862,-9.781472
36407,-0.6452622,-0.30998164,-9.780488
36508,-0.6007945,-0.35175365,-9.781907
36607,-0.6220268,-0.36066568,-9.780255
36707,-0.36206666,-0.4058379,-9.791557
36807,-0.23667562,-0.27893108,-9.799825
36907,-0.042297475,-0.23639783,-9.803709
37008,0.034939397,-0.12809023,-9.805752
37107,0.3220274,-0.008150436,-9.801358
37207,1.0024348,0.22487055,-9.752689
37307,1.807284,0.104478195,-9.638112
37407,3.0583026,0.022824252,-9.317546
37508,3.8436074,-0.024628863,-9.021998
37607,4.6458282,-0.104400076,-8.635726
37707,5.5782866,-0.085304834,-8.0651
37807,6.3591466,-0.046684977,-7.4652166
37908,7.012472,-0.06447404,-6.855032
38007,7.7779174,0.020472847,-5.972769
38107,8.557799,0.01662873,-4.7889643
38208,8.911023,0.020827068,-4.094341
38307,9.191769,-0.007837185,-3.4178517
38407,9.367574,-0.0024057948,-2.9015405
38507,9.550946,-0.10563689,-2.2223072
38608,9.63973,-0.093626134,-1.7992291
38707,9.685215,-0.12071364,-1.5337654
38807,9.716912,-0.111613125,-1.3189166
38907,9.719959,-0.10239097,-1.2970309
39007,9.73983,-0.11054772,-1.1374851
39108,9.7565,-0.14601667,-0.97968054
39207,9.767477,-0.11089152,-0.86860645
39307,9.782374,-0.17114414,-0.6680118
39407,9.793202,-0.15311058,-0.49002635
39507,9.798676,-0.17477486,-0.35468304
39607,9.802283,-0.1558924,-0.2476354
39708,9.802894,-0.20146288,-0.18187195
39807,9.79651,-0.29889932,-0.33083105
39907,9.798535,-0.3946552,0.057791155
40007,9.782325,-0.2790019,0.6314016
40107,9.773783,-3.7008538E-4,0.80222183
40208,9.780973,-0.021650225,0.70885634
40307,9.79128,0.13984089,0.5307243
40407,9.798112,0.24614419,0.32679683
40508,9.790043,0.06869583,0.5663293
40607,9.779057,-0.3127068,0.6653158
40707,9.77551,-0.391176,0.675852
40807,9.787162,-0.38266954,0.485201
40907,9.804963,-0.15293004,0.098513655
41008,9.805139,-0.16824736,-0.036648344
41107,9.798552,-0.018182978,-0.39804575
41207,9.798687,-0.06900938,-0.3890535
41307,9.799103,-0.028357781,-0.383629
41408,9.79887,-0.001703956,-0.39054072
41507,9.797124,0.066548765,-0.42699262
41607,9.793525,0.034226075,-0.5060564
41707,9.799842,0.026293863,-0.36441875
41808,9.803054,0.037705343,-0.26288858
41907,9.802514,0.04108991,-0.2818136
42007,9.803302,0.045632854,-0.25214136
42107,9.804377,0.048665844,-0.20544948
42208,9.804616,0.047752645,-0.19395229
42307,9.803781,0.048402395,-0.23221095
42407,9.803543,0.049565606,-0.24181001
42507,9.803377,0.050286874,-0.24828278
42608,9.802859,0.05359311,-0.2673216
42707,9.803087,0.050400034,-0.2594698
42807,9.802579,0.053906195,-0.27735755
42907,9.80241,0.054352447,-0.28318697
43008,9.80218,0.05128158,-0.29157552
43107,9.802222,0.051403694,-0.29013655
43207,9.802275,0.05220068,-0.28823647
43307,9.802308,0.053801324,-0.286808
43407,9.802324,0.05328737,-0.28633514
43507,9.802386,0.05149549,-0.28452015
43607,9.8021965,0.05338617,-0.29066613
43707,9.802504,0.054883428,-0.27981836
43807,9.8031845,0.05509757,-0.254818
43908,9.803116,0.055000473,-0.25747475
44007,9.803346,0.054625116,-0.24862854
44107,9.803662,0.052839812,-0.23620448
44207,9.803517,0.053730484,-0.24197827
44307,9.803752,0.05100329,-0.23288815
44408,9.803603,0.053750295,-0.2384474
44507,9.803599,0.05234525,-0.23892863
44607,9.803409,0.054021668,-0.24625342
44707,9.803086,0.052987624,-0.2589884
44807,9.803161,0.05431815,-0.2559012
44908,9.803277,0.054163903,-0.2514078
45007,9.803275,0.05436615,-0.25146657
45107,9.803077,0.054006614,-0.25915512
45207,9.803131,0.05258263,-0.25735816
45307,9.8034935,0.054950126,-0.24263743
45408,9.803791,0.055661302,-0.23014669
45507,9.803539,0.056718808,-0.2403856
45607,9.803696,0.054626197,-0.23442861
45707,9.803904,0.05248908,-0.22605367
45808,9.804067,0.053049766,-0.21874315
45907,9.804006,0.05487766,-0.22102599
46007,9.804199,0.054540016,-0.21233335
46107,9.804373,0.055379864,-0.20395681
46208,9.804713,0.055515993,-0.18682767
46307,9.803424,-0.016126432,-0.25103253
46407,9.806261,0.035348162,-0.07991287
46507,9.80439,0.17863035,-0.111421004
46608,9.77297,0.7407482,-0.33277234
46707,9.69019,1.5062726,0.041720215
46807,9.348196,2.9367294,-0.39653474
46907,8.96438,3.933803,-0.5791949
47007,8.02288,5.632144,-0.28767067
47108,6.061412,7.669867,0.7764125
47207,4.8917866,8.499397,0.032517843
47307,3.693843,9.060631,-0.65642244
47407,1.1341425,9.735425,-0.32496932
47508,-0.53293556,9.754965,-0.85265636
47607,-0.49421817,9.757421,-0.84786993
47707,-0.40948212,9.793246,-0.30829746
47807,-0.513095,9.785082,-0.3991124
47908,-0.6563271,9.778802,-0.33859608
48007,-0.31784895,9.795298,-0.3485804
48107,-0.25465927,9.795421,-0.39405096
48207,-0.22042099,9.799045,-0.3170567
48307,-0.18803217,9.7979765,-0.36699548
48408,-0.17016278,9.797765,-0.38110808
48507,-0.15335974,9.799416,-0.34397835
48607,-0.14553082,9.7986,-0.36966208
48707,-0.13766214,9.797742,-0.39457828
48807,-0.13592839,9.798347,-0.37987715
48908,-0.117991716,9.795392,-0.4547161
49007,-0.12049774,9.795144,-0.4593634
49107,-0.11983123,9.794135,-0.48056635
49207,-0.12375659,9.795073,-0.4600224
49307,-0.12293122,9.794794,-0.46612996
49408,-0.12674658,9.794734,-0.4663686
49507,-0.1269091,9.794935,-0.4620827
49607,-0.12464203,9.795372,-0.45336574
49707,-0.12879083,9.796051,-0.437257
49807,-0.12718958,9.79577,-0.44396698
49908,-0.1332744,9.795598,-0.4459645
50007,-0.13085955,9.795331,-0.4525027
50107,-0.1319067,9.795777,-0.44241837
50207,-0.13233688,9.795719,-0.4435701
50308,-0.12905225,9.795706,-0.44483888
50407,-0.12541837,9.796075,-0.43769392
50507,-0.12767886,9.79551,-0.44950908
50607,-0.12550332,9.795397,-0.45259187
50707,-0.12959845,9.7953615,-0.45220116
50808,-0.12788466,9.795007,-0.4602998
50907,-0.13007115,9.795541,-0.44816795
51007,-0.13006276,9.795631,-0.4461886
51107,-0.12599777,9.795933,-0.44070247
51207,-0.124451384,9.795856,-0.4428268
51308,-0.12532432,9.79571,-0.44581637
51407,-0.13014211,9.795861,-0.4410848
51507,-0.1304349,9.795529,-0.44830248
51607,-0.13344477,9.795617,-0.44549564
51708,-0.13312635,9.79564,-0.44508317
51807,-0.13259521,9.795592,-0.44629246
51907,-0.12508307,9.795803,-0.44383636
52007,-0.1303151,9.794716,-0.46577725
52108,-0.1285579,9.793972,-0.4816322
52207,-0.12628253,9.794442,-0.4725844
52307,-0.12377893,9.794412,-0.47387853
52407,-0.12778382,9.7947445,-0.46587685
52507,-0.12939438,9.794123,-0.47832876
52608,-0.12736036,9.79269,-0.50732917
52707,-0.13795212,9.790732,-0.54121983
52807,-0.1284558,9.796631,-0.424167
52907,-0.13262996,9.793677,-0.48650506
53007,-0.13299322,9.793558,-0.48878828
53107,-0.1274843,9.793643,-0.48855978
53208,-2.207152E-5,9.792837,-0.5203211
53307,-0.018592391,9.792935,-0.5181376
53407,-0.8759072,9.751666,-0.5551501
53507,-1.4656036,9.687619,-0.41524023
53608,-2.3343737,9.515404,-0.42211023
53707,-3.4916835,9.11667,-0.92998075
53807,-4.6140184,8.567316,-1.2175024
53907,-5.2112284,8.196079,-1.3556442
54008,-5.6946774,7.839458,-1.5112691
54107,-6.6749043,7.112271,-1.0157003
54207,-7.2579284,6.562121,-0.65683204
54307,-7.734912,5.994688,-0.63658196
54407,-8.174546,5.3897233,-0.5459551
54508,-8.330584,5.1495757,-0.50361705
54607,-8.520512,4.826198,-0.5282815
54707,-8.589093,4.724157,-0.28320244
54807,-8.718386,4.4694734,-0.42888495
54908,-8.853399,4.202146,-0.36011642
55007,-8.998199,3.8896873,-0.27042532
55107,-9.164604,3.489664,-0.05164946
55207,-9.336318,3.000087,-0.055043723
55307,-9.461408,2.5771527,-0.10216166
55408,-9.582006,2.0857353,-0.07246964
55507,-9.654496,1.7182757,-0.09283426
55607,-9.738064,1.1448826,-0.17245188
55707,-9.771286,0.81326693,-0.17591469
55807,-9.792143,0.5112953,-0.15133363
55908,-9.800275,0.301487,-0.18465847
56007,-9.800473,0.19061723,-0.29117954
56107,-9.800709,0.10021237,-0.3262756
56207,-9.800065,0.041198935,-0.3569656
56308,-9.799663,0.008886826,-0.37003458
56407,-9.799211,-0.01915786,-0.38143924
56507,-9.799119,-0.03493896,-0.382661
56607,-9.798759,-0.05277185,-0.3897661
56708,-9.798424,-0.060289465,-0.39704385
56807,-9.798236,-0.06912972,-0.4002227
56907,-9.797984,-0.072740175,-0.40572175
57007,-9.797783,-0.073974445,-0.41031498
57107,-9.797721,-0.07656537,-0.41133034
57208,-9.7981415,-0.07847221,-0.40081185
57307,-9.7979765,-0.07989278,-0.40453714
57407,-9.797298,-0.08477232,-0.41968346
57507,-9.796395,-0.08721514,-0.43979588
57608,-9.795762,-0.09218615,-0.45270485
57707,-9.795146,-0.09216481,-0.4658457
57807,-9.795339,-0.09324658,-0.46154463
57907,-9.795843,-0.09521779,-0.45029894
58008,-9.795811,-0.0929793,-0.4514802
58107,-9.796071,-0.094405815,-0.44549003
58207,-9.795911,-0.1071265,-0.44614452
58307,-9.7952,-0.12231756,-0.45769787
58408,-9.7955675,-0.11944749,-0.450523
58507,-9.795633,-0.115279794,-0.45018563
58607,-9.795491,-0.11889094,-0.4523355
58707,-9.796016,-0.113212496,-0.44230556
58808,-9.795522,-0.11005308,-0.45391634
58907,-9.79531,-0.10107,-0.46050718
59007,-9.794797,-0.097634174,-0.4720343
59107,-9.794998,-0.09453979,-0.46845654
59208,-9.794719,-0.0972753,-0.4737124
59307,-9.794158,-0.096027546,-0.4854157
59407,-9.794326,-0.09702152,-0.48183328
59507,-9.794236,-0.09389329,-0.484255
59607,-9.79437,-0.09406713,-0.48152167
59708,-9.794604,-0.09095334,-0.47731817
59807,-9.794902,-0.08759289,-0.47182536
59907,-9.794494,-0.08840152,-0.4800779
60007,-9.794299,-0.08829184,-0.48403287
60107,-9.794386,-0.08705516,-0.48251453
60208,-9.7946825,-0.085806526,-0.47667077
60307,-9.794544,-0.084589325,-0.47972402
60407,-9.794444,-0.08627574,-0.48146245
60507,-9.793657,-0.08863474,-0.49679908
60608,-9.793358,-0.09242354,-0.50198066
60707,-9.793525,-0.09294714,-0.498625
60807,-9.793556,-0.0938962,-0.49782982
60908,-9.793597,-0.09909462,-0.49600136
61007,-9.79398,-0.10782989,-0.48654914
61107,-9.793406,-0.091235325,-0.50126463
61207,-9.80099,-0.10836818,-0.3150189
61308,-9.741555,-0.08845406,1.1245712
61407,-9.350569,0.26237288,2.9442174
61507,-8.434519,-0.10952857,5.0017276
61607,-7.226139,-0.0686901,6.629373
61707,-5.9362793,-0.10323618,7.8051467
61808,-4.5463266,-0.101821534,8.688552
61907,-3.6962364,0.09449116,9.082912
62007,-2.694493,0.069931306,9.428956
62107,-1.9682806,0.060757,9.606902
62208,-1.3536754,0.058679484,9.712595
62307,-0.74333245,0.03179251,9.778386
62407,-0.7640405,0.049455684,9.776716
62507,-0.5322878,0.04446163,9.792092
62608,-0.27766192,-0.006952595,9.802716
62707,-0.3490549,0.050599165,9.800305
62807,-0.26082635,0.043621223,9.803084
62907,-0.21154149,0.04353421,9.804272
63008,-0.17478788,0.04243026,9.805
63107,-0.14839035,0.03993583,9.805446
63207,-0.13435206,0.037656177,9.805657
63308,-0.12592517,0.037719376,9.805769
63407,-0.115948185,0.039227284,9.805886
63507,-0.1107182,0.03804538,9.805951
63607,-0.1087878,0.03976991,9.805966
63708,-0.10883702,0.038832713,9.805969
63807,-0.1061862,0.03859908,9.805999
63907,-0.10588704,0.037435457,9.806007
64007,-0.09900387,0.03434554,9.80609
64107,-0.09829204,0.035760526,9.806092
64208,-0.101852216,0.036432132,9.806053
64307,-0.10110859,0.036172308,9.806063
64407,-0.09956938,0.039281312,9.806066
64507,-0.097614035,0.036884822,9.806095
64607,-0.09907192,0.034936283,9.8060875
64708,-0.099216536,0.035592847,9.806084
64807,-0.096951544,0.037452728,9.8061
64907,-0.099995814,0.040921923,9.806055
65007,-0.10097181,0.03746639,9.806059
65107,-0.10222256,0.038151637,9.806044
65208,-0.10248952,0.035285924,9.806051
65307,-0.0987555,0.035911497,9.8060875
65407,-0.09719773,0.035230465,9.806105
65507,-0.09680783,0.035007127,9.806109
65607,-0.09794378,0.038028006,9.8060875
65708,-0.09866169,0.036472086,9.806087
65807,-0.09712549,0.037344348,9.806098
65907,-0.094306566,0.038627695,9.806121
66007,-0.09535098,0.038103305,9.806112
66108,-0.09882422,0.037481666,9.806081
66207,-0.099118926,0.03508806,9.806087
66307,-0.10235035,0.035010107,9.806054
66408,-0.10347584,0.03310905,9.806048
66507,-0.09985192,0.036101755,9.806075
66607,-0.10083684,0.038511213,9.806056
66707,-0.09615464,0.039985374,9.806097
66807,-0.095387764,0.040082883,9.806105
66908,-0.09181057,0.041584853,9.806132
67007,-0.09453697,0.038927544,9.806117
67107,-0.0986662,0.039956942,9.806072
67208,-0.100496046,0.03782492,9.806063
67307,-0.102299206,0.038829118,9.80604
67407,-0.101819925,0.037006717,9.806051
67507,-0.100617565,0.03769867,9.806062
67607,-0.100980595,0.04057971,9.8060465
67708,-0.10131397,0.041166555,9.806041
67807,-0.10288424,0.040836748,9.8060255
67907,-0.1381024,0.042839274,9.805584
68007,-0.31869674,0.11495285,9.8007965
68108,-0.9684628,-0.07209705,9.758446
68207,-1.836481,-0.030378483,9.633109
68307,-2.4703486,0.0497152,9.490273
68407,-4.262695,0.09680374,8.83122
68508,-5.347041,-0.27557367,8.216057
68607,-7.611212,0.07055546,6.1834345
68707,-9.296854,-0.0062101004,3.1207132
68807,-9.700543,0.46071553,-1.3629291
68908,-7.993006,1.1476355,-5.5646358
69007,-5.7098103,1.2412966,-7.8757625
69107,-3.5225756,1.2586044,-9.065195
69207,-1.9965256,0.9083803,-9.558196
69307,-1.3367343,0.60477823,-9.696276
69408,-0.7184511,0.23534757,-9.777466
69507,-0.34085146,0.11624365,-9.800035
69607,-0.21932283,0.22993673,-9.8015
69707,-0.14165725,0.1706918,-9.804141
69807,-0.073523805,0.11656099,-9.805682
69907,-0.02127395,0.07067634,-9.806373
70007,0.012619186,0.04141147,-9.806555
70107,0.037108615,0.024678957,-9.806549
70208,0.051549125,0.009354164,-9.80651
70307,0.056476828,0.0018940031,-9.806487
70407,0.06790102,-4.7960773E-4,-9.806416
70507,0.07253401,-0.0015191023,-9.806382
70607,0.07801599,-0.006082721,-9.806337
70708,0.08174041,-0.006359756,-9.806308
70807,0.08039004,-0.008830932,-9.806316
70907,0.07961399,-0.0074988045,-9.806324
71007,0.080025904,-0.010579208,-9.806318
71108,0.08097385,-0.012649596,-9.806308
71207,0.08184984,-0.011466786,-9.806302
71307,0.08037019,-0.014408436,-9.80631
71407,0.0813405,-0.013300534,-9.806304
71508,0.08128798,-0.016338598,-9.8063
71607,0.079766706,-0.017339157,-9.806311
71707,0.081002325,-0.01858465,-9.806298
71807,0.08183026,-0.01505318,-9.806297
71908,0.082425706,-0.01811486,-9.806287
72007,0.08334265,-0.017009247,-9.806281
72107,0.08482398,-0.01562809,-9.806271
72207,0.0838134,-0.014081725,-9.806282
72307,0.085996285,-0.0143308975,-9.806263
72408,0.08519871,-0.01581956,-9.806268
72507,0.08592905,-0.0156047745,-9.806261
72607,0.08533603,-0.014592373,-9.806268
72707,0.082403235,-0.016837193,-9.80629
72808,0.0800803,-0.016531978,-9.806309
72907,0.08478458,-0.01775465,-9.806268
73007,0.08307488,-0.016298011,-9.806285
73107,0.085405655,-0.015932119,-9.806266
73208,0.0845765,-0.016340232,-9.806272
73307,0.08369418,-0.0145329395,-9.806282
73407,0.081247985,-0.01302152,-9.806305
73507,0.081070095,-0.011962589,-9.806308
73608,0.08350184,-0.012101217,-9.806287
73707,0.08489888,-0.013234934,-9.806273
73807,0.08475955,-0.012370596,-9.806276
73907,0.08501467,-0.013343103,-9.8062725
74008,0.086281635,-0.013088808,-9.806262
74107,0.08448136,-0.009753371,-9.806282
74207,0.08366322,-0.009463275,-9.806289
74307,0.08482443,-0.011036449,-9.806277
74408,0.082830496,-0.017683936,-9.806285
74507,0.07961066,-0.018755786,-9.806309
74607,0.07761749,-0.015305466,-9.806332
74707,0.08118853,-0.013563732,-9.806305
74808,0.08181781,-0.013151507,-9.8063
74907,0.07867825,-0.011808253,-9.806328
75007,0.080963016,-0.012087872,-9.806309
75107,0.079667054,-0.011070646,-9.80632
75208,0.08225894,-0.0143514685,-9.806294
75307,0.07446417,-0.012056706,-9.80636
75407,0.07922767,-0.010983065,-9.806324
75507,0.06463861,-0.016634662,-9.806423
75608,0.122415006,0.095787,-9.805418
75707,0.099503614,0.30113,-9.80152
75807,0.036293283,0.73555845,-9.778958
75907,0.10997693,1.7032858,-9.656972
76007,0.013384062,3.222003,-9.26223
76108,-0.4795056,5.4245815,-8.155635
76207,-0.9162848,6.969764,-6.837631
76308,-1.3444462,8.128745,-5.318492
76408,-1.0984739,9.394348,-2.5903614
76507,-0.38561043,9.798559,-0.09965554
76607,0.38033095,9.485502,2.4598737
76707,0.61397237,8.662236,4.5562134
76807,0.68364614,7.652223,6.0947924
76907,0.7684008,7.0437613,6.779777
77008,0.82829523,6.661271,7.1492505
77107,0.82829523,6.661271,7.1492505
