Milliseconds,Latitude,Longitude,Altitude
2,35.70380404373931,51.347748597768735,1196.9605712890625
26,35.70380404373931,51.347748597768735,1196.9605712890625
50,35.70380404373931,51.347748597768735,1196.9605712890625
76,35.70380404373931,51.347748597768735,1196.9605712890625
100,35.70380404373931,51.347748597768735,1196.9605712890625
125,35.70380404373931,51.347748597768735,1196.9605712890625
150,35.70380404373931,51.347748597768735,1196.9605712890625
176,35.70380404373931,51.347748597768735,1196.9605712890625
200,35.70380404373931,51.347748597768735,1196.9605712890625
225,35.70380404373931,51.347748597768735,1196.9605712890625
250,35.70380404373931,51.347748597768735,1196.9605712890625
276,35.70380404373931,51.347748597768735,1196.9605712890625
300,35.70380404373931,51.347748597768735,1196.9605712890625
325,35.70380404373931,51.347748597768735,1196.9605712890625
350,35.70380404373931,51.347748597768735,1196.9605712890625
376,35.70380404373931,51.347748597768735,1196.9605712890625
400,35.70380404373931,51.347748597768735,1196.9605712890625
425,35.70380404373931,51.347748597768735,1196.9605712890625
451,35.70380404373931,51.347748597768735,1196.9605712890625
475,35.70380404373931,51.347748597768735,1196.9605712890625
500,35.70380404373931,51.347748597768735,1196.9605712890625
525,35.70380404373931,51.347748597768735,1196.9605712890625
551,35.70380404373931,51.347748597768735,1196.9605712890625
575,35.70380404373931,51.347748597768735,1196.9605712890625
600,35.70380404373931,51.347748597768735,1196.9605712890625
626,35.70380404373931,51.347748597768735,1196.9605712890625
650,35.70380404373931,51.347748597768735,1196.9605712890625
675,35.70380404373931,51.347748597768735,1196.9605712890625
700,35.70380404373931,51.347748597768735,1196.9605712890625
726,35.70380404373931,51.347748597768735,1196.9605712890625
750,35.70380404373931,51.347748597768735,1196.9605712890625
775,35.70380404373931,51.347748597768735,1196.9605712890625
801,35.70380404373931,51.347748597768735,1196.9605712890625
825,35.70380404373931,51.347748597768735,1196.9605712890625
850,35.70380404373931,51.347748597768735,1196.9605712890625
875,35.70380404373931,51.347748597768735,1196.9605712890625
901,35.704106972371115,51.34780834167643,1198.2489013671875
925,35.704106972371115,51.34780834167643,1198.2489013671875
950,35.704106972371115,51.34780834167643,1198.2489013671875
975,35.704106972371115,51.34780834167643,1198.2489013671875
1000,35.704106972371115,51.34780834167643,1198.2489013671875
1026,35.704106972371115,51.34780834167643,1198.2489013671875
1050,35.704106972371115,51.34780834167643,1198.2489013671875
1075,35.704106972371115,51.34780834167643,1198.2489013671875
1100,35.704106972371115,51.34780834167643,1198.2489013671875
1126,35.704106972371115,51.34780834167643,1198.2489013671875
1150,35.704106972371115,51.34780834167643,1198.2489013671875
1175,35.704106972371115,51.34780834167643,1198.2489013671875
1200,35.704106972371115,51.34780834167643,1198.2489013671875
1225,35.704106972371115,51.34780834167643,1198.2489013671875
1250,35.704106972371115,51.34780834167643,1198.2489013671875
1275,35.704106972371115,51.34780834167643,1198.2489013671875
1301,35.704106972371115,51.34780834167643,1198.2489013671875
1325,35.704106972371115,51.34780834167643,1198.2489013671875
1350,35.704106972371115,51.34780834167643,1198.2489013671875
1375,35.704106972371115,51.34780834167643,1198.2489013671875
1401,35.704106972371115,51.34780834167643,1198.2489013671875
1425,35.704106972371115,51.34780834167643,1198.2489013671875
1450,35.704106972371115,51.34780834167643,1198.2489013671875
1475,35.704106972371115,51.34780834167643,1198.2489013671875
1500,35.704106972371115,51.34780834167643,1198.2489013671875
1525,35.704106972371115,51.34780834167643,1198.2489013671875
1550,35.704106972371115,51.34780834167643,1198.2489013671875
1576,35.704106972371115,51.34780834167643,1198.2489013671875
1600,35.704106972371115,51.34780834167643,1198.2489013671875
1625,35.704106972371115,51.34780834167643,1198.2489013671875
1650,35.704106972371115,51.34780834167643,1198.2489013671875
1675,35.704106972371115,51.34780834167643,1198.2489013671875
1701,35.704106972371115,51.34780834167643,1198.2489013671875
1725,35.704106972371115,51.34780834167643,1198.2489013671875
1750,35.704106972371115,51.34780834167643,1198.2489013671875
1776,35.704106972371115,51.34780834167643,1198.2489013671875
1800,35.704106972371115,51.34780834167643,1198.2489013671875
1825,35.704106972371115,51.34780834167643,1198.2489013671875
1851,35.704106972371115,51.34780834167643,1198.2489013671875
1875,35.704106972371115,51.34780834167643,1198.2489013671875
1900,35.704106972371115,51.34780834167643,1198.2489013671875
1926,35.704106972371115,51.34780834167643,1198.2489013671875
1950,35.704106972371115,51.34780834167643,1198.2489013671875
1975,35.704106972371115,51.34780834167643,1198.2489013671875
2000,35.704106972371115,51.34780834167643,1198.2489013671875
2025,35.704106972371115,51.34780834167643,1198.2489013671875
2051,35.704106972371115,51.34780834167643,1198.2489013671875
2075,35.704106972371115,51.34780834167643,1198.2489013671875
2100,35.704106972371115,51.34780834167643,1198.2489013671875
2126,35.704106972371115,51.34780834167643,1198.2489013671875
2150,35.704106972371115,51.34780834167643,1198.2489013671875
2175,35.704106972371115,51.34780834167643,1198.2489013671875
2200,35.704106972371115,51.34780834167643,1198.2489013671875
2225,35.704106972371115,51.34780834167643,1198.2489013671875
2250,35.704106972371115,51.34780834167643,1198.2489013671875
2276,35.704106972371115,51.34780834167643,1198.2489013671875
2300,35.704106972371115,51.34780834167643,1198.2489013671875
2325,35.704106972371115,51.34780834167643,1198.2489013671875
2350,35.704106972371115,51.34780834167643,1198.2489013671875
2376,35.704106972371115,51.34780834167643,1198.2489013671875
2400,35.704106972371115,51.34780834167643,1198.2489013671875
2425,35.704106972371115,51.34780834167643,1198.2489013671875
2451,35.704106972371115,51.34780834167643,1198.2489013671875
2475,35.704106972371115,51.34780834167643,1198.2489013671875
2500,35.704106972371115,51.34780834167643,1198.2489013671875
2525,35.704106972371115,51.34780834167643,1198.2489013671875
2551,35.704106972371115,51.34780834167643,1198.2489013671875
2575,35.704106972371115,51.34780834167643,1198.2489013671875
2600,35.704106972371115,51.34780834167643,1198.2489013671875
2625,35.704106972371115,51.34780834167643,1198.2489013671875
2650,35.704106972371115,51.34780834167643,1198.2489013671875
2675,35.704106972371115,51.34780834167643,1198.2489013671875
2701,35.704106972371115,51.34780834167643,1198.2489013671875
2725,35.704106972371115,51.34780834167643,1198.2489013671875
2750,35.704106972371115,51.34780834167643,1198.2489013671875
2775,35.704106972371115,51.34780834167643,1198.2489013671875
2801,35.704106972371115,51.34780834167643,1198.2489013671875
2825,35.704106972371115,51.34780834167643,1198.2489013671875
2850,35.704106972371115,51.34780834167643,1198.2489013671875
2875,35.704106972371115,51.34780834167643,1198.2489013671875
2901,35.704106972371115,51.34780834167643,1198.2489013671875
2925,35.704106972371115,51.34780834167643,1198.2489013671875
2950,35.704106972371115,51.34780834167643,1198.2489013671875
2975,35.704106972371115,51.34780834167643,1198.2489013671875
3001,35.704106972371115,51.34780834167643,1198.2489013671875
3025,35.704106972371115,51.34780834167643,1198.2489013671875
3051,35.704106972371115,51.34780834167643,1198.2489013671875
3075,35.704106972371115,51.34780834167643,1198.2489013671875
3100,35.704106972371115,51.34780834167643,1198.2489013671875
3126,35.704106972371115,51.34780834167643,1198.2489013671875
3150,35.704106972371115,51.34780834167643,1198.2489013671875
3175,35.704106972371115,51.34780834167643,1198.2489013671875
3200,35.704106972371115,51.34780834167643,1198.2489013671875
3225,35.704106972371115,51.34780834167643,1198.2489013671875
3251,35.704106972371115,51.34780834167643,1198.2489013671875
3275,35.704106972371115,51.34780834167643,1198.2489013671875
3300,35.704106972371115,51.34780834167643,1198.2489013671875
3326,35.704106972371115,51.34780834167643,1198.2489013671875
3350,35.704106972371115,51.34780834167643,1198.2489013671875
3375,35.704106972371115,51.34780834167643,1198.2489013671875
3400,35.704106972371115,51.34780834167643,1198.2489013671875
3425,35.704106972371115,51.34780834167643,1198.2489013671875
3451,35.704106972371115,51.34780834167643,1198.2489013671875
3475,35.704106972371115,51.34780834167643,1198.2489013671875
3500,35.704106972371115,51.34780834167643,1198.2489013671875
3525,35.704106972371115,51.34780834167643,1198.2489013671875
3550,35.704106972371115,51.34780834167643,1198.2489013671875
3575,35.704106972371115,51.34780834167643,1198.2489013671875
3601,35.704106972371115,51.34780834167643,1198.2489013671875
3625,35.704106972371115,51.34780834167643,1198.2489013671875
3650,35.704106972371115,51.34780834167643,1198.2489013671875
3675,35.704106972371115,51.34780834167643,1198.2489013671875
3700,35.704106972371115,51.34780834167643,1198.2489013671875
3726,35.704106972371115,51.34780834167643,1198.2489013671875
3750,35.704106972371115,51.34780834167643,1198.2489013671875
3775,35.704106972371115,51.34780834167643,1198.2489013671875
3800,35.704106972371115,51.34780834167643,1198.2489013671875
3826,35.704106972371115,51.34780834167643,1198.2489013671875
3850,35.704106972371115,51.34780834167643,1198.2489013671875
3875,35.70438450442111,51.34784092732594,1199.650634765625
3900,35.70438450442111,51.34784092732594,1199.650634765625
3926,35.70438450442111,51.34784092732594,1199.650634765625
3950,35.70438450442111,51.34784092732594,1199.650634765625
3975,35.70438450442111,51.34784092732594,1199.650634765625
4001,35.70438450442111,51.34784092732594,1199.650634765625
4025,35.70438450442111,51.34784092732594,1199.650634765625
4050,35.70438450442111,51.34784092732594,1199.650634765625
4076,35.70438450442111,51.34784092732594,1199.650634765625
4100,35.70438450442111,51.34784092732594,1199.650634765625
4125,35.70438450442111,51.34784092732594,1199.650634765625
4150,35.70438450442111,51.34784092732594,1199.650634765625
4176,35.70438450442111,51.34784092732594,1199.650634765625
4200,35.70438450442111,51.34784092732594,1199.650634765625
4225,35.70438450442111,51.34784092732594,1199.650634765625
4251,35.70438450442111,51.34784092732594,1199.650634765625
4275,35.70438450442111,51.34784092732594,1199.650634765625
4300,35.70438450442111,51.34784092732594,1199.650634765625
4325,35.70438450442111,51.34784092732594,1199.650634765625
4350,35.70438450442111,51.34784092732594,1199.650634765625
4376,35.70438450442111,51.34784092732594,1199.650634765625
4400,35.70438450442111,51.34784092732594,1199.650634765625
4425,35.70438450442111,51.34784092732594,1199.650634765625
4450,35.70438450442111,51.34784092732594,1199.650634765625
4476,35.70438450442111,51.34784092732594,1199.650634765625
4500,35.70438450442111,51.34784092732594,1199.650634765625
4525,35.70438450442111,51.34784092732594,1199.650634765625
4550,35.70438450442111,51.34784092732594,1199.650634765625
4575,35.70438450442111,51.34784092732594,1199.650634765625
4601,35.70438450442111,51.34784092732594,1199.650634765625
4625,35.70438450442111,51.34784092732594,1199.650634765625
4650,35.70438450442111,51.34784092732594,1199.650634765625
4675,35.70438450442111,51.34784092732594,1199.650634765625
4701,35.70438450442111,51.34784092732594,1199.650634765625
4725,35.70438450442111,51.34784092732594,1199.650634765625
4750,35.70438450442111,51.34784092732594,1199.650634765625
4775,35.70438450442111,51.34784092732594,1199.650634765625
4801,35.70438450442111,51.34784092732594,1199.650634765625
4825,35.70438450442111,51.34784092732594,1199.650634765625
4850,35.70438450442111,51.34784092732594,1199.650634765625
4876,35.70438450442111,51.34784092732594,1199.650634765625
4900,35.70438450442111,51.34784092732594,1199.650634765625
4925,35.70438450442111,51.34784092732594,1199.650634765625
4951,35.70438450442111,51.34784092732594,1199.650634765625
4975,35.70438450442111,51.34784092732594,1199.650634765625
5000,35.70438450442111,51.34784092732594,1199.650634765625
5025,35.70438450442111,51.34784092732594,1199.650634765625
5051,35.70438450442111,51.34784092732594,1199.650634765625
5075,35.70438450442111,51.34784092732594,1199.650634765625
5101,35.70438450442111,51.34784092732594,1199.650634765625
5125,35.70438450442111,51.34784092732594,1199.650634765625
5150,35.70438450442111,51.34784092732594,1199.650634765625
5175,35.70438450442111,51.34784092732594,1199.650634765625
5201,35.70438450442111,51.34784092732594,1199.650634765625
5225,35.70438450442111,51.34784092732594,1199.650634765625
5250,35.70438450442111,51.34784092732594,1199.650634765625
5276,35.70438450442111,51.34784092732594,1199.650634765625
5300,35.70438450442111,51.34784092732594,1199.650634765625
5325,35.70438450442111,51.34784092732594,1199.650634765625
5350,35.70438450442111,51.34784092732594,1199.650634765625
5376,35.70438450442111,51.34784092732594,1199.650634765625
5400,35.70438450442111,51.34784092732594,1199.650634765625
5425,35.70438450442111,51.34784092732594,1199.650634765625
5451,35.70438450442111,51.34784092732594,1199.650634765625
5475,35.70438450442111,51.34784092732594,1199.650634765625
5500,35.70438450442111,51.34784092732594,1199.650634765625
5526,35.70438450442111,51.34784092732594,1199.650634765625
5550,35.70438450442111,51.34784092732594,1199.650634765625
5575,35.70438450442111,51.34784092732594,1199.650634765625
5600,35.70438450442111,51.34784092732594,1199.650634765625
5625,35.70438450442111,51.34784092732594,1199.650634765625
5651,35.70438450442111,51.34784092732594,1199.650634765625
5675,35.70438450442111,51.34784092732594,1199.650634765625
5700,35.70438450442111,51.34784092732594,1199.650634765625
5725,35.70438450442111,51.34784092732594,1199.650634765625
5751,35.70438450442111,51.34784092732594,1199.650634765625
5775,35.70438450442111,51.34784092732594,1199.650634765625
5801,35.70438450442111,51.34784092732594,1199.650634765625
5825,35.70438450442111,51.34784092732594,1199.650634765625
5850,35.70438450442111,51.34784092732594,1199.650634765625
5875,35.70438450442111,51.34784092732594,1199.650634765625
5901,35.70438450442111,51.34784092732594,1199.650634765625
5925,35.70438450442111,51.34784092732594,1199.650634765625
5950,35.70438450442111,51.34784092732594,1199.650634765625
5975,35.70438450442111,51.34784092732594,1199.650634765625
6001,35.70438450442111,51.34784092732594,1199.650634765625
6025,35.70438450442111,51.34784092732594,1199.650634765625
6050,35.70438450442111,51.34784092732594,1199.650634765625
6075,35.70438450442111,51.34784092732594,1199.650634765625
6101,35.70438450442111,51.34784092732594,1199.650634765625
6125,35.70438450442111,51.34784092732594,1199.650634765625
6150,35.70438450442111,51.34784092732594,1199.650634765625
6175,35.70438450442111,51.34784092732594,1199.650634765625
6201,35.70438450442111,51.34784092732594,1199.650634765625
6225,35.70438450442111,51.34784092732594,1199.650634765625
6250,35.70438450442111,51.34784092732594,1199.650634765625
6275,35.70438450442111,51.34784092732594,1199.650634765625
6301,35.70438450442111,51.34784092732594,1199.650634765625
6325,35.70438450442111,51.34784092732594,1199.650634765625
6350,35.70438450442111,51.34784092732594,1199.650634765625
6376,35.70438450442111,51.34784092732594,1199.650634765625
6400,35.70438450442111,51.34784092732594,1199.650634765625
6425,35.70438450442111,51.34784092732594,1199.650634765625
6450,35.70438450442111,51.34784092732594,1199.650634765625
6476,35.70438450442111,51.34784092732594,1199.650634765625
6500,35.70438450442111,51.34784092732594,1199.650634765625
6525,35.70438450442111,51.34784092732594,1199.650634765625
6550,35.70438450442111,51.34784092732594,1199.650634765625
6576,35.70438450442111,51.34784092732594,1199.650634765625
6600,35.70438450442111,51.34784092732594,1199.650634765625
6625,35.70438450442111,51.34784092732594,1199.650634765625
6651,35.70438450442111,51.34784092732594,1199.650634765625
6675,35.70438450442111,51.34784092732594,1199.650634765625
6700,35.70438450442111,51.34784092732594,1199.650634765625
6726,35.70438450442111,51.34784092732594,1199.650634765625
6750,35.70438450442111,51.34784092732594,1199.650634765625
6775,35.70438450442111,51.34784092732594,1199.650634765625
6800,35.70438450442111,51.34784092732594,1199.650634765625
6826,35.70438450442111,51.34784092732594,1199.650634765625
6850,35.70438450442111,51.34784092732594,1199.650634765625
6875,35.70438450442111,51.34784092732594,1199.650634765625
6900,35.70438450442111,51.34784092732594,1199.650634765625
6926,35.70438450442111,51.34784092732594,1199.650634765625
6950,35.70438450442111,51.34784092732594,1199.650634765625
6975,35.70438450442111,51.34784092732594,1199.650634765625
7000,35.70438450442111,51.34784092732594,1199.650634765625
7026,35.70438450442111,51.34784092732594,1199.650634765625
7050,35.70438450442111,51.34784092732594,1199.650634765625
7075,35.70438450442111,51.34784092732594,1199.650634765625
7101,35.70438450442111,51.34784092732594,1199.650634765625
7125,35.70438450442111,51.34784092732594,1199.650634765625
7150,35.70438450442111,51.34784092732594,1199.650634765625
7175,35.70438450442111,51.34784092732594,1199.650634765625
7200,35.70438450442111,51.34784092732594,1199.650634765625
7226,35.70438450442111,51.34784092732594,1199.650634765625
7250,35.70438450442111,51.34784092732594,1199.650634765625
7275,35.70438450442111,51.34784092732594,1199.650634765625
7300,35.70438450442111,51.34784092732594,1199.650634765625
7325,35.70438450442111,51.34784092732594,1199.650634765625
7350,35.70438450442111,51.34784092732594,1199.650634765625
7375,35.70438450442111,51.34784092732594,1199.650634765625
7400,35.70438450442111,51.34784092732594,1199.650634765625
7426,35.70438450442111,51.34784092732594,1199.650634765625
7450,35.70438450442111,51.34784092732594,1199.650634765625
7475,35.70438450442111,51.34784092732594,1199.650634765625
7500,35.70438450442111,51.34784092732594,1199.650634765625
7526,35.70438450442111,51.34784092732594,1199.650634765625
7550,35.70438450442111,51.34784092732594,1199.650634765625
7575,35.70438450442111,51.34784092732594,1199.650634765625
7601,35.70438450442111,51.34784092732594,1199.650634765625
7625,35.70438450442111,51.34784092732594,1199.650634765625
7650,35.70438450442111,51.34784092732594,1199.650634765625
7676,35.70438450442111,51.34784092732594,1199.650634765625
7700,35.70438450442111,51.34784092732594,1199.650634765625
7725,35.70438450442111,51.34784092732594,1199.650634765625
7751,35.70438450442111,51.34784092732594,1199.650634765625
7775,35.70438450442111,51.34784092732594,1199.650634765625
7800,35.70438450442111,51.34784092732594,1199.650634765625
7826,35.70438450442111,51.34784092732594,1199.650634765625
7850,35.70438450442111,51.34784092732594,1199.650634765625
7875,35.70438450442111,51.34784092732594,1199.650634765625
7900,35.70438450442111,51.34784092732594,1199.650634765625
7925,35.70438450442111,51.34784092732594,1199.650634765625
7950,35.70438450442111,51.34784092732594,1199.650634765625
7976,35.70438450442111,51.34784092732594,1199.650634765625
8000,35.70438450442111,51.34784092732594,1199.650634765625
8025,35.70438450442111,51.34784092732594,1199.650634765625
8051,35.70438450442111,51.34784092732594,1199.650634765625
8075,35.70438450442111,51.34784092732594,1199.650634765625
8100,35.70438450442111,51.34784092732594,1199.650634765625
8125,35.70438450442111,51.34784092732594,1199.650634765625
8151,35.70438450442111,51.34784092732594,1199.650634765625
8175,35.70438450442111,51.34784092732594,1199.650634765625
8200,35.70438450442111,51.34784092732594,1199.650634765625
8225,35.70438450442111,51.34784092732594,1199.650634765625
8250,35.70438450442111,51.34784092732594,1199.650634765625
8275,35.70438450442111,51.34784092732594,1199.650634765625
8300,35.70438450442111,51.34784092732594,1199.650634765625
8325,35.70438450442111,51.34784092732594,1199.650634765625
8350,35.70438450442111,51.34784092732594,1199.650634765625
8376,35.70438450442111,51.34784092732594,1199.650634765625
8400,35.70438450442111,51.34784092732594,1199.650634765625
8425,35.70438450442111,51.34784092732594,1199.650634765625
8451,35.70438450442111,51.34784092732594,1199.650634765625
8475,35.70438450442111,51.34784092732594,1199.650634765625
8501,35.70438450442111,51.34784092732594,1199.650634765625
8525,35.70438450442111,51.34784092732594,1199.650634765625
8550,35.70438450442111,51.34784092732594,1199.650634765625
8575,35.70438450442111,51.34784092732594,1199.650634765625
8601,35.70438450442111,51.34784092732594,1199.650634765625
8625,35.70438450442111,51.34784092732594,1199.650634765625
8650,35.70438450442111,51.34784092732594,1199.650634765625
8675,35.70438450442111,51.34784092732594,1199.650634765625
8700,35.70438450442111,51.34784092732594,1199.650634765625
8725,35.70438450442111,51.34784092732594,1199.650634765625
8751,35.70438450442111,51.34784092732594,1199.650634765625
8775,35.70438450442111,51.34784092732594,1199.650634765625
8800,35.70438450442111,51.34784092732594,1199.650634765625
8826,35.70438450442111,51.34784092732594,1199.650634765625
8850,35.70438450442111,51.34784092732594,1199.650634765625
8875,35.70438450442111,51.34784092732594,1199.650634765625
8900,35.70438450442111,51.34784092732594,1199.650634765625
8925,35.70475364607366,51.34787407214924,1200.807373046875
8951,35.70475364607366,51.34787407214924,1200.807373046875
8975,35.70475364607366,51.34787407214924,1200.807373046875
9000,35.70475364607366,51.34787407214924,1200.807373046875
9025,35.70475364607366,51.34787407214924,1200.807373046875
9050,35.70475364607366,51.34787407214924,1200.807373046875
9076,35.70475364607366,51.34787407214924,1200.807373046875
9100,35.70475364607366,51.34787407214924,1200.807373046875
9125,35.70475364607366,51.34787407214924,1200.807373046875
9150,35.70475364607366,51.34787407214924,1200.807373046875
9176,35.70475364607366,51.34787407214924,1200.807373046875
9200,35.70475364607366,51.34787407214924,1200.807373046875
9225,35.70475364607366,51.34787407214924,1200.807373046875
9250,35.70475364607366,51.34787407214924,1200.807373046875
9276,35.70475364607366,51.34787407214924,1200.807373046875
9300,35.70475364607366,51.34787407214924,1200.807373046875
9325,35.70475364607366,51.34787407214924,1200.807373046875
9350,35.70475364607366,51.34787407214924,1200.807373046875
9376,35.70475364607366,51.34787407214924,1200.807373046875
9400,35.70475364607366,51.34787407214924,1200.807373046875
9425,35.70475364607366,51.34787407214924,1200.807373046875
9450,35.70475364607366,51.34787407214924,1200.807373046875
9475,35.70475364607366,51.34787407214924,1200.807373046875
9501,35.70475364607366,51.34787407214924,1200.807373046875
9525,35.70475364607366,51.34787407214924,1200.807373046875
9551,35.70475364607366,51.34787407214924,1200.807373046875
9575,35.70475364607366,51.34787407214924,1200.807373046875
9600,35.70475364607366,51.34787407214924,1200.807373046875
9626,35.70475364607366,51.34787407214924,1200.807373046875
9650,35.70475364607366,51.34787407214924,1200.807373046875
9675,35.70475364607366,51.34787407214924,1200.807373046875
9700,35.70475364607366,51.34787407214924,1200.807373046875
9726,35.70475364607366,51.34787407214924,1200.807373046875
9750,35.70475364607366,51.34787407214924,1200.807373046875
9775,35.70475364607366,51.34787407214924,1200.807373046875
9800,35.70475364607366,51.34787407214924,1200.807373046875
9826,35.70475364607366,51.34787407214924,1200.807373046875
9850,35.70475364607366,51.34787407214924,1200.807373046875
9875,35.70475364607366,51.34787407214924,1200.807373046875
9900,35.70475364607366,51.34787407214924,1200.807373046875
9925,35.70475364607366,51.34787407214924,1200.807373046875
9951,35.70475364607366,51.34787407214924,1200.807373046875
9975,35.70475364607366,51.34787407214924,1200.807373046875
10000,35.70475364607366,51.34787407214924,1200.807373046875
10026,35.70475364607366,51.34787407214924,1200.807373046875
10050,35.70475364607366,51.34787407214924,1200.807373046875
10076,35.70475364607366,51.34787407214924,1200.807373046875
10100,35.70475364607366,51.34787407214924,1200.807373046875
10125,35.70475364607366,51.34787407214924,1200.807373046875
10150,35.70475364607366,51.34787407214924,1200.807373046875
10176,35.70475364607366,51.34787407214924,1200.807373046875
10200,35.70475364607366,51.34787407214924,1200.807373046875
10225,35.70475364607366,51.34787407214924,1200.807373046875
10250,35.70475364607366,51.34787407214924,1200.807373046875
10276,35.70475364607366,51.34787407214924,1200.807373046875
10300,35.70475364607366,51.34787407214924,1200.807373046875
10325,35.70475364607366,51.34787407214924,1200.807373046875
10350,35.70475364607366,51.34787407214924,1200.807373046875
10375,35.70475364607366,51.34787407214924,1200.807373046875
10401,35.70475364607366,51.34787407214924,1200.807373046875
10425,35.70475364607366,51.34787407214924,1200.807373046875
10450,35.70475364607366,51.34787407214924,1200.807373046875
10476,35.70475364607366,51.34787407214924,1200.807373046875
10500,35.70475364607366,51.34787407214924,1200.807373046875
10525,35.70475364607366,51.34787407214924,1200.807373046875
10550,35.70475364607366,51.34787407214924,1200.807373046875
10576,35.70475364607366,51.34787407214924,1200.807373046875
10600,35.70475364607366,51.34787407214924,1200.807373046875
10625,35.70475364607366,51.34787407214924,1200.807373046875
10650,35.70475364607366,51.34787407214924,1200.807373046875
10675,35.70475364607366,51.34787407214924,1200.807373046875
10701,35.70475364607366,51.34787407214924,1200.807373046875
10725,35.70475364607366,51.34787407214924,1200.807373046875
10750,35.70475364607366,51.34787407214924,1200.807373046875
10776,35.70475364607366,51.34787407214924,1200.807373046875
10800,35.70475364607366,51.34787407214924,1200.807373046875
10825,35.70475364607366,51.34787407214924,1200.807373046875
10850,35.70475364607366,51.34787407214924,1200.807373046875
10876,35.70475364607366,51.34787407214924,1200.807373046875
10900,35.70475364607366,51.34787407214924,1200.807373046875
10925,35.70475364607366,51.34787407214924,1200.807373046875
10950,35.70475364607366,51.34787407214924,1200.807373046875
10975,35.70475364607366,51.34787407214924,1200.807373046875
11000,35.70475364607366,51.34787407214924,1200.807373046875
11026,35.70475364607366,51.34787407214924,1200.807373046875
11050,35.70475364607366,51.34787407214924,1200.807373046875
11075,35.70475364607366,51.34787407214924,1200.807373046875
11101,35.70475364607366,51.34787407214924,1200.807373046875
11125,35.70475364607366,51.34787407214924,1200.807373046875
11150,35.70475364607366,51.34787407214924,1200.807373046875
11175,35.70475364607366,51.34787407214924,1200.807373046875
11201,35.70475364607366,51.34787407214924,1200.807373046875
11225,35.70475364607366,51.34787407214924,1200.807373046875
11250,35.70475364607366,51.34787407214924,1200.807373046875
11275,35.70475364607366,51.34787407214924,1200.807373046875
11301,35.70475364607366,51.34787407214924,1200.807373046875
11325,35.70475364607366,51.34787407214924,1200.807373046875
11350,35.70475364607366,51.34787407214924,1200.807373046875
11376,35.70475364607366,51.34787407214924,1200.807373046875
11400,35.70475364607366,51.34787407214924,1200.807373046875
11425,35.70475364607366,51.34787407214924,1200.807373046875
11451,35.70475364607366,51.34787407214924,1200.807373046875
11475,35.70475364607366,51.34787407214924,1200.807373046875
11500,35.70475364607366,51.34787407214924,1200.807373046875
11526,35.70475364607366,51.34787407214924,1200.807373046875
11550,35.70475364607366,51.34787407214924,1200.807373046875
11575,35.70475364607366,51.34787407214924,1200.807373046875
11600,35.70475364607366,51.34787407214924,1200.807373046875
11626,35.70475364607366,51.34787407214924,1200.807373046875
11650,35.70475364607366,51.34787407214924,1200.807373046875
11675,35.70475364607366,51.34787407214924,1200.807373046875
11701,35.70475364607366,51.34787407214924,1200.807373046875
11725,35.70475364607366,51.34787407214924,1200.807373046875
11750,35.70475364607366,51.34787407214924,1200.807373046875
11776,35.70475364607366,51.34787407214924,1200.807373046875
11800,35.70475364607366,51.34787407214924,1200.807373046875
11825,35.70475364607366,51.34787407214924,1200.807373046875
11851,35.70475364607366,51.34787407214924,1200.807373046875
11875,35.70475364607366,51.34787407214924,1200.807373046875
11900,35.70475364607366,51.34787407214924,1200.807373046875
11925,35.70475364607366,51.34787407214924,1200.807373046875
11951,35.70475364607366,51.34787407214924,1200.807373046875
11975,35.70475364607366,51.34787407214924,1200.807373046875
12000,35.70475364607366,51.34787407214924,1200.807373046875
12026,35.70475364607366,51.34787407214924,1200.807373046875
12050,35.70475364607366,51.34787407214924,1200.807373046875
12075,35.70475364607366,51.34787407214924,1200.807373046875
12101,35.70475364607366,51.34787407214924,1200.807373046875
12125,35.70475364607366,51.34787407214924,1200.807373046875
12150,35.70475364607366,51.34787407214924,1200.807373046875
12175,35.70475364607366,51.34787407214924,1200.807373046875
12201,35.70475364607366,51.34787407214924,1200.807373046875
12225,35.70475364607366,51.34787407214924,1200.807373046875
12250,35.70475364607366,51.34787407214924,1200.807373046875
12275,35.70475364607366,51.34787407214924,1200.807373046875
12301,35.70475364607366,51.34787407214924,1200.807373046875
12325,35.70475364607366,51.34787407214924,1200.807373046875
12350,35.70475364607366,51.34787407214924,1200.807373046875
12375,35.70475364607366,51.34787407214924,1200.807373046875
12400,35.70475364607366,51.34787407214924,1200.807373046875
12425,35.70475364607366,51.34787407214924,1200.807373046875
12451,35.70475364607366,51.34787407214924,1200.807373046875
12475,35.70475364607366,51.34787407214924,1200.807373046875
12500,35.70475364607366,51.34787407214924,1200.807373046875
12525,35.70475364607366,51.34787407214924,1200.807373046875
12551,35.70475364607366,51.34787407214924,1200.807373046875
12575,35.70475364607366,51.34787407214924,1200.807373046875
12600,35.70475364607366,51.34787407214924,1200.807373046875
12625,35.70475364607366,51.34787407214924,1200.807373046875
12650,35.70475364607366,51.34787407214924,1200.807373046875
12676,35.70475364607366,51.34787407214924,1200.807373046875
12700,35.70475364607366,51.34787407214924,1200.807373046875
12725,35.70475364607366,51.34787407214924,1200.807373046875
12750,35.70475364607366,51.34787407214924,1200.807373046875
12776,35.70475364607366,51.34787407214924,1200.807373046875
12800,35.70475364607366,51.34787407214924,1200.807373046875
12825,35.70475364607366,51.34787407214924,1200.807373046875
12850,35.70475364607366,51.34787407214924,1200.807373046875
12875,35.70475364607366,51.34787407214924,1200.807373046875
12901,35.70506643610392,51.347891409500846,1202.7686767578125
12925,35.70506643610392,51.347891409500846,1202.7686767578125
12951,35.70506643610392,51.347891409500846,1202.7686767578125
12975,35.70506643610392,51.347891409500846,1202.7686767578125
13000,35.70506643610392,51.347891409500846,1202.7686767578125
13025,35.70506643610392,51.347891409500846,1202.7686767578125
13050,35.70506643610392,51.347891409500846,1202.7686767578125
13076,35.70506643610392,51.347891409500846,1202.7686767578125
13100,35.70506643610392,51.347891409500846,1202.7686767578125
13125,35.70506643610392,51.347891409500846,1202.7686767578125
13150,35.70506643610392,51.347891409500846,1202.7686767578125
13176,35.70506643610392,51.347891409500846,1202.7686767578125
13200,35.70506643610392,51.347891409500846,1202.7686767578125
13225,35.70506643610392,51.347891409500846,1202.7686767578125
13250,35.70506643610392,51.347891409500846,1202.7686767578125
13275,35.70506643610392,51.347891409500846,1202.7686767578125
13301,35.70506643610392,51.347891409500846,1202.7686767578125
13325,35.70506643610392,51.347891409500846,1202.7686767578125
13350,35.70506643610392,51.347891409500846,1202.7686767578125
13376,35.70506643610392,51.347891409500846,1202.7686767578125
13400,35.70506643610392,51.347891409500846,1202.7686767578125
13425,35.70506643610392,51.347891409500846,1202.7686767578125
13451,35.70506643610392,51.347891409500846,1202.7686767578125
13475,35.70506643610392,51.347891409500846,1202.7686767578125
13500,35.70506643610392,51.347891409500846,1202.7686767578125
13525,35.70506643610392,51.347891409500846,1202.7686767578125
13551,35.70506643610392,51.347891409500846,1202.7686767578125
13575,35.70506643610392,51.347891409500846,1202.7686767578125
13600,35.70506643610392,51.347891409500846,1202.7686767578125
13625,35.70506643610392,51.347891409500846,1202.7686767578125
13650,35.70506643610392,51.347891409500846,1202.7686767578125
13676,35.70506643610392,51.347891409500846,1202.7686767578125
13700,35.70506643610392,51.347891409500846,1202.7686767578125
13725,35.70506643610392,51.347891409500846,1202.7686767578125
13751,35.70506643610392,51.347891409500846,1202.7686767578125
13775,35.70506643610392,51.347891409500846,1202.7686767578125
13800,35.70506643610392,51.347891409500846,1202.7686767578125
13825,35.70506643610392,51.347891409500846,1202.7686767578125
13850,35.70506643610392,51.347891409500846,1202.7686767578125
13876,35.70506643610392,51.347891409500846,1202.7686767578125
13900,35.70506643610392,51.347891409500846,1202.7686767578125
13925,35.70506643610392,51.347891409500846,1202.7686767578125
13951,35.70506643610392,51.347891409500846,1202.7686767578125
13975,35.70506643610392,51.347891409500846,1202.7686767578125
14000,35.70506643610392,51.347891409500846,1202.7686767578125
14025,35.70506643610392,51.347891409500846,1202.7686767578125
14050,35.70506643610392,51.347891409500846,1202.7686767578125
14076,35.70506643610392,51.347891409500846,1202.7686767578125
14100,35.70506643610392,51.347891409500846,1202.7686767578125
14125,35.70506643610392,51.347891409500846,1202.7686767578125
14150,35.70506643610392,51.347891409500846,1202.7686767578125
14175,35.70506643610392,51.347891409500846,1202.7686767578125
14201,35.70506643610392,51.347891409500846,1202.7686767578125
14225,35.70506643610392,51.347891409500846,1202.7686767578125
14250,35.70506643610392,51.347891409500846,1202.7686767578125
14275,35.70506643610392,51.347891409500846,1202.7686767578125
14301,35.70506643610392,51.347891409500846,1202.7686767578125
14325,35.70506643610392,51.347891409500846,1202.7686767578125
14350,35.70506643610392,51.347891409500846,1202.7686767578125
14376,35.70506643610392,51.347891409500846,1202.7686767578125
14400,35.70506643610392,51.347891409500846,1202.7686767578125
14425,35.70506643610392,51.347891409500846,1202.7686767578125
14450,35.70506643610392,51.347891409500846,1202.7686767578125
14475,35.70506643610392,51.347891409500846,1202.7686767578125
14501,35.70506643610392,51.347891409500846,1202.7686767578125
14525,35.70506643610392,51.347891409500846,1202.7686767578125
14550,35.70506643610392,51.347891409500846,1202.7686767578125
14576,35.70506643610392,51.347891409500846,1202.7686767578125
14600,35.70506643610392,51.347891409500846,1202.7686767578125
14625,35.70506643610392,51.347891409500846,1202.7686767578125
14650,35.70506643610392,51.347891409500846,1202.7686767578125
14675,35.70506643610392,51.347891409500846,1202.7686767578125
14701,35.70506643610392,51.347891409500846,1202.7686767578125
14725,35.70506643610392,51.347891409500846,1202.7686767578125
14751,35.70506643610392,51.347891409500846,1202.7686767578125
14775,35.70506643610392,51.347891409500846,1202.7686767578125
14801,35.70506643610392,51.347891409500846,1202.7686767578125
14825,35.70506643610392,51.347891409500846,1202.7686767578125
14850,35.70506643610392,51.347891409500846,1202.7686767578125
14876,35.70506643610392,51.347891409500846,1202.7686767578125
14900,35.70506643610392,51.347891409500846,1202.7686767578125
14925,35.70506643610392,51.347891409500846,1202.7686767578125
14950,35.70506643610392,51.347891409500846,1202.7686767578125
14976,35.70506643610392,51.347891409500846,1202.7686767578125
15000,35.70506643610392,51.347891409500846,1202.7686767578125
15025,35.70506643610392,51.347891409500846,1202.7686767578125
15051,35.70506643610392,51.347891409500846,1202.7686767578125
15075,35.70506643610392,51.347891409500846,1202.7686767578125
15100,35.70506643610392,51.347891409500846,1202.7686767578125
15126,35.70506643610392,51.347891409500846,1202.7686767578125
15150,35.70506643610392,51.347891409500846,1202.7686767578125
15175,35.70506643610392,51.347891409500846,1202.7686767578125
15200,35.70506643610392,51.347891409500846,1202.7686767578125
15225,35.70506643610392,51.347891409500846,1202.7686767578125
15251,35.70506643610392,51.347891409500846,1202.7686767578125
15275,35.70506643610392,51.347891409500846,1202.7686767578125
15301,35.70506643610392,51.347891409500846,1202.7686767578125
15325,35.70506643610392,51.347891409500846,1202.7686767578125
15350,35.70506643610392,51.347891409500846,1202.7686767578125
15376,35.70506643610392,51.347891409500846,1202.7686767578125
15400,35.70506643610392,51.347891409500846,1202.7686767578125
15426,35.70506643610392,51.347891409500846,1202.7686767578125
15450,35.70506643610392,51.347891409500846,1202.7686767578125
15475,35.70506643610392,51.347891409500846,1202.7686767578125
15500,35.70506643610392,51.347891409500846,1202.7686767578125
15526,35.70506643610392,51.347891409500846,1202.7686767578125
15550,35.70506643610392,51.347891409500846,1202.7686767578125
15575,35.70506643610392,51.347891409500846,1202.7686767578125
15601,35.70506643610392,51.347891409500846,1202.7686767578125
15625,35.70506643610392,51.347891409500846,1202.7686767578125
15650,35.70506643610392,51.347891409500846,1202.7686767578125
15676,35.70506643610392,51.347891409500846,1202.7686767578125
15700,35.70506643610392,51.347891409500846,1202.7686767578125
15725,35.70506643610392,51.347891409500846,1202.7686767578125
15750,35.70506643610392,51.347891409500846,1202.7686767578125
15776,35.70506643610392,51.347891409500846,1202.7686767578125
15800,35.70506643610392,51.347891409500846,1202.7686767578125
15825,35.70506643610392,51.347891409500846,1202.7686767578125
15851,35.70506643610392,51.347891409500846,1202.7686767578125
15875,35.70506643610392,51.347891409500846,1202.7686767578125
15900,35.70506643610392,51.347891409500846,1202.7686767578125
15925,35.70506643610392,51.347891409500846,1202.7686767578125
15951,35.70506643610392,51.347891409500846,1202.7686767578125
15975,35.70506643610392,51.347891409500846,1202.7686767578125
16000,35.70506643610392,51.347891409500846,1202.7686767578125
16025,35.70506643610392,51.347891409500846,1202.7686767578125
16050,35.70506643610392,51.347891409500846,1202.7686767578125
16076,35.70506643610392,51.347891409500846,1202.7686767578125
16100,35.70506643610392,51.347891409500846,1202.7686767578125
16125,35.70506643610392,51.347891409500846,1202.7686767578125
16150,35.70506643610392,51.347891409500846,1202.7686767578125
16175,35.70506643610392,51.347891409500846,1202.7686767578125
16200,35.70506643610392,51.347891409500846,1202.7686767578125
16226,35.70506643610392,51.347891409500846,1202.7686767578125
16250,35.70506643610392,51.347891409500846,1202.7686767578125
16275,35.70506643610392,51.347891409500846,1202.7686767578125
16301,35.70506643610392,51.347891409500846,1202.7686767578125
16325,35.70506643610392,51.347891409500846,1202.7686767578125
16351,35.70506643610392,51.347891409500846,1202.7686767578125
16375,35.70506643610392,51.347891409500846,1202.7686767578125
16400,35.70506643610392,51.347891409500846,1202.7686767578125
16426,35.70506643610392,51.347891409500846,1202.7686767578125
16450,35.70506643610392,51.347891409500846,1202.7686767578125
16475,35.70506643610392,51.347891409500846,1202.7686767578125
16500,35.70506643610392,51.347891409500846,1202.7686767578125
16525,35.70506643610392,51.347891409500846,1202.7686767578125
16550,35.70506643610392,51.347891409500846,1202.7686767578125
16575,35.70506643610392,51.347891409500846,1202.7686767578125
16600,35.70506643610392,51.347891409500846,1202.7686767578125
16626,35.70506643610392,51.347891409500846,1202.7686767578125
16650,35.70506643610392,51.347891409500846,1202.7686767578125
16675,35.70506643610392,51.347891409500846,1202.7686767578125
16700,35.70506643610392,51.347891409500846,1202.7686767578125
16726,35.70506643610392,51.347891409500846,1202.7686767578125
16750,35.70506643610392,51.347891409500846,1202.7686767578125
16775,35.70506643610392,51.347891409500846,1202.7686767578125
16801,35.70506643610392,51.347891409500846,1202.7686767578125
16825,35.70506643610392,51.347891409500846,1202.7686767578125
16850,35.70506643610392,51.347891409500846,1202.7686767578125
16876,35.70541415792189,51.347909354315405,1205.50537109375
16900,35.70541415792189,51.347909354315405,1205.50537109375
16925,35.70541415792189,51.347909354315405,1205.50537109375
16950,35.70541415792189,51.347909354315405,1205.50537109375
16975,35.70541415792189,51.347909354315405,1205.50537109375
17001,35.70541415792189,51.347909354315405,1205.50537109375
17025,35.70541415792189,51.347909354315405,1205.50537109375
17050,35.70541415792189,51.347909354315405,1205.50537109375
17075,35.70541415792189,51.347909354315405,1205.50537109375
17101,35.70541415792189,51.347909354315405,1205.50537109375
17125,35.70541415792189,51.347909354315405,1205.50537109375
17150,35.70541415792189,51.347909354315405,1205.50537109375
17176,35.70541415792189,51.347909354315405,1205.50537109375
17200,35.70541415792189,51.347909354315405,1205.50537109375
17225,35.70541415792189,51.347909354315405,1205.50537109375
17251,35.70541415792189,51.347909354315405,1205.50537109375
17275,35.70541415792189,51.347909354315405,1205.50537109375
17301,35.70541415792189,51.347909354315405,1205.50537109375
17325,35.70541415792189,51.347909354315405,1205.50537109375
17350,35.70541415792189,51.347909354315405,1205.50537109375
17375,35.70541415792189,51.347909354315405,1205.50537109375
17401,35.70541415792189,51.347909354315405,1205.50537109375
17425,35.70541415792189,51.347909354315405,1205.50537109375
17450,35.70541415792189,51.347909354315405,1205.50537109375
17475,35.70541415792189,51.347909354315405,1205.50537109375
17501,35.70541415792189,51.347909354315405,1205.50537109375
17525,35.70541415792189,51.347909354315405,1205.50537109375
17550,35.70541415792189,51.347909354315405,1205.50537109375
17576,35.70541415792189,51.347909354315405,1205.50537109375
17600,35.70541415792189,51.347909354315405,1205.50537109375
17625,35.70541415792189,51.347909354315405,1205.50537109375
17651,35.70541415792189,51.347909354315405,1205.50537109375
17675,35.70541415792189,51.347909354315405,1205.50537109375
17700,35.70541415792189,51.347909354315405,1205.50537109375
17726,35.70541415792189,51.347909354315405,1205.50537109375
17750,35.70541415792189,51.347909354315405,1205.50537109375
17775,35.70541415792189,51.347909354315405,1205.50537109375
17801,35.70541415792189,51.347909354315405,1205.50537109375
17825,35.70541415792189,51.347909354315405,1205.50537109375
17850,35.70541415792189,51.347909354315405,1205.50537109375
17875,35.70541415792189,51.347909354315405,1205.50537109375
17900,35.70541415792189,51.347909354315405,1205.50537109375
17925,35.70541415792189,51.347909354315405,1205.50537109375
17951,35.70541415792189,51.347909354315405,1205.50537109375
17975,35.70541415792189,51.347909354315405,1205.50537109375
18000,35.70541415792189,51.347909354315405,1205.50537109375
18026,35.70541415792189,51.347909354315405,1205.50537109375
18050,35.70541415792189,51.347909354315405,1205.50537109375
18075,35.70541415792189,51.347909354315405,1205.50537109375
18101,35.70541415792189,51.347909354315405,1205.50537109375
18125,35.70541415792189,51.347909354315405,1205.50537109375
18150,35.70541415792189,51.347909354315405,1205.50537109375
18175,35.70541415792189,51.347909354315405,1205.50537109375
18201,35.70541415792189,51.347909354315405,1205.50537109375
18225,35.70541415792189,51.347909354315405,1205.50537109375
18250,35.70541415792189,51.347909354315405,1205.50537109375
18275,35.70541415792189,51.347909354315405,1205.50537109375
18300,35.70541415792189,51.347909354315405,1205.50537109375
18326,35.70541415792189,51.347909354315405,1205.50537109375
18350,35.70541415792189,51.347909354315405,1205.50537109375
18376,35.70541415792189,51.347909354315405,1205.50537109375
18400,35.70541415792189,51.347909354315405,1205.50537109375
18425,35.70541415792189,51.347909354315405,1205.50537109375
18450,35.70541415792189,51.347909354315405,1205.50537109375
18476,35.70541415792189,51.347909354315405,1205.50537109375
18500,35.70541415792189,51.347909354315405,1205.50537109375
18525,35.70541415792189,51.347909354315405,1205.50537109375
18551,35.70541415792189,51.347909354315405,1205.50537109375
18575,35.70541415792189,51.347909354315405,1205.50537109375
18601,35.70541415792189,51.347909354315405,1205.50537109375
18625,35.70541415792189,51.347909354315405,1205.50537109375
18650,35.70541415792189,51.347909354315405,1205.50537109375
18675,35.70541415792189,51.347909354315405,1205.50537109375
18700,35.70541415792189,51.347909354315405,1205.50537109375
18726,35.70541415792189,51.347909354315405,1205.50537109375
18750,35.70541415792189,51.347909354315405,1205.50537109375
18775,35.70541415792189,51.347909354315405,1205.50537109375
18801,35.70541415792189,51.347909354315405,1205.50537109375
18825,35.70541415792189,51.347909354315405,1205.50537109375
18850,35.70541415792189,51.347909354315405,1205.50537109375
18875,35.70541415792189,51.347909354315405,1205.50537109375
18901,35.70541415792189,51.347909354315405,1205.50537109375
18925,35.70541415792189,51.347909354315405,1205.50537109375
18950,35.70541415792189,51.347909354315405,1205.50537109375
18975,35.70541415792189,51.347909354315405,1205.50537109375
19001,35.70541415792189,51.347909354315405,1205.50537109375
19025,35.70541415792189,51.347909354315405,1205.50537109375
19050,35.70541415792189,51.347909354315405,1205.50537109375
19075,35.70541415792189,51.347909354315405,1205.50537109375
19101,35.70541415792189,51.347909354315405,1205.50537109375
19125,35.70541415792189,51.347909354315405,1205.50537109375
19150,35.70541415792189,51.347909354315405,1205.50537109375
19175,35.70541415792189,51.347909354315405,1205.50537109375
19201,35.70541415792189,51.347909354315405,1205.50537109375
19225,35.70541415792189,51.347909354315405,1205.50537109375
19250,35.70541415792189,51.347909354315405,1205.50537109375
19275,35.70541415792189,51.347909354315405,1205.50537109375
19300,35.70541415792189,51.347909354315405,1205.50537109375
19325,35.70541415792189,51.347909354315405,1205.50537109375
19351,35.70541415792189,51.347909354315405,1205.50537109375
19375,35.70541415792189,51.347909354315405,1205.50537109375
19400,35.70541415792189,51.347909354315405,1205.50537109375
19425,35.70541415792189,51.347909354315405,1205.50537109375
19451,35.70541415792189,51.347909354315405,1205.50537109375
19475,35.70541415792189,51.347909354315405,1205.50537109375
19500,35.70541415792189,51.347909354315405,1205.50537109375
19525,35.70541415792189,51.347909354315405,1205.50537109375
19550,35.70541415792189,51.347909354315405,1205.50537109375
19576,35.70541415792189,51.347909354315405,1205.50537109375
19600,35.70541415792189,51.347909354315405,1205.50537109375
19625,35.70541415792189,51.347909354315405,1205.50537109375
19651,35.70541415792189,51.347909354315405,1205.50537109375
19675,35.70541415792189,51.347909354315405,1205.50537109375
19700,35.70541415792189,51.347909354315405,1205.50537109375
19726,35.70541415792189,51.347909354315405,1205.50537109375
19750,35.70541415792189,51.347909354315405,1205.50537109375
19775,35.70541415792189,51.347909354315405,1205.50537109375
19801,35.70541415792189,51.347909354315405,1205.50537109375
19825,35.70541415792189,51.347909354315405,1205.50537109375
19850,35.70541415792189,51.347909354315405,1205.50537109375
19875,35.70566481811245,51.347924962875744,1207.0120849609375
19901,35.70566481811245,51.347924962875744,1207.0120849609375
19925,35.70566481811245,51.347924962875744,1207.0120849609375
19950,35.70566481811245,51.347924962875744,1207.0120849609375
19975,35.70566481811245,51.347924962875744,1207.0120849609375
20000,35.70566481811245,51.347924962875744,1207.0120849609375
20026,35.70566481811245,51.347924962875744,1207.0120849609375
20050,35.70566481811245,51.347924962875744,1207.0120849609375
20075,35.70566481811245,51.347924962875744,1207.0120849609375
20101,35.70566481811245,51.347924962875744,1207.0120849609375
20125,35.70566481811245,51.347924962875744,1207.0120849609375
20150,35.70566481811245,51.347924962875744,1207.0120849609375
20175,35.70566481811245,51.347924962875744,1207.0120849609375
20201,35.70566481811245,51.347924962875744,1207.0120849609375
20225,35.70566481811245,51.347924962875744,1207.0120849609375
20250,35.70566481811245,51.347924962875744,1207.0120849609375
20275,35.70566481811245,51.347924962875744,1207.0120849609375
20301,35.70566481811245,51.347924962875744,1207.0120849609375
20325,35.70566481811245,51.347924962875744,1207.0120849609375
20350,35.70566481811245,51.347924962875744,1207.0120849609375
20376,35.70566481811245,51.347924962875744,1207.0120849609375
20400,35.70566481811245,51.347924962875744,1207.0120849609375
20425,35.70566481811245,51.347924962875744,1207.0120849609375
20451,35.70566481811245,51.347924962875744,1207.0120849609375
20475,35.70566481811245,51.347924962875744,1207.0120849609375
20500,35.70566481811245,51.347924962875744,1207.0120849609375
20525,35.70566481811245,51.347924962875744,1207.0120849609375
20551,35.70566481811245,51.347924962875744,1207.0120849609375
20575,35.70566481811245,51.347924962875744,1207.0120849609375
20600,35.70566481811245,51.347924962875744,1207.0120849609375
20626,35.70566481811245,51.347924962875744,1207.0120849609375
20650,35.70566481811245,51.347924962875744,1207.0120849609375
20675,35.70566481811245,51.347924962875744,1207.0120849609375
20701,35.70566481811245,51.347924962875744,1207.0120849609375
20725,35.70566481811245,51.347924962875744,1207.0120849609375
20750,35.70566481811245,51.347924962875744,1207.0120849609375
20776,35.70566481811245,51.347924962875744,1207.0120849609375
20800,35.70566481811245,51.347924962875744,1207.0120849609375
20825,35.70566481811245,51.347924962875744,1207.0120849609375
20850,35.70566481811245,51.347924962875744,1207.0120849609375
20876,35.70566481811245,51.347924962875744,1207.0120849609375
20900,35.70566481811245,51.347924962875744,1207.0120849609375
20925,35.70566481811245,51.347924962875744,1207.0120849609375
20951,35.70566481811245,51.347924962875744,1207.0120849609375
20975,35.70566481811245,51.347924962875744,1207.0120849609375
21000,35.70566481811245,51.347924962875744,1207.0120849609375
21025,35.70566481811245,51.347924962875744,1207.0120849609375
21051,35.70566481811245,51.347924962875744,1207.0120849609375
21075,35.70566481811245,51.347924962875744,1207.0120849609375
21100,35.70566481811245,51.347924962875744,1207.0120849609375
21125,35.70566481811245,51.347924962875744,1207.0120849609375
21151,35.70566481811245,51.347924962875744,1207.0120849609375
21175,35.70566481811245,51.347924962875744,1207.0120849609375
21200,35.70566481811245,51.347924962875744,1207.0120849609375
21225,35.70566481811245,51.347924962875744,1207.0120849609375
21251,35.70566481811245,51.347924962875744,1207.0120849609375
21275,35.70566481811245,51.347924962875744,1207.0120849609375
21300,35.70566481811245,51.347924962875744,1207.0120849609375
21325,35.70566481811245,51.347924962875744,1207.0120849609375
21351,35.70566481811245,51.347924962875744,1207.0120849609375
21375,35.70566481811245,51.347924962875744,1207.0120849609375
21400,35.70566481811245,51.347924962875744,1207.0120849609375
21426,35.70566481811245,51.347924962875744,1207.0120849609375
21450,35.70566481811245,51.347924962875744,1207.0120849609375
21475,35.70566481811245,51.347924962875744,1207.0120849609375
21501,35.70566481811245,51.347924962875744,1207.0120849609375
21525,35.70566481811245,51.347924962875744,1207.0120849609375
21550,35.70566481811245,51.347924962875744,1207.0120849609375
21575,35.70566481811245,51.347924962875744,1207.0120849609375
21601,35.70566481811245,51.347924962875744,1207.0120849609375
21625,35.70566481811245,51.347924962875744,1207.0120849609375
21651,35.70566481811245,51.347924962875744,1207.0120849609375
21675,35.70566481811245,51.347924962875744,1207.0120849609375
21700,35.70566481811245,51.347924962875744,1207.0120849609375
21726,35.70566481811245,51.347924962875744,1207.0120849609375
21750,35.70566481811245,51.347924962875744,1207.0120849609375
21775,35.70566481811245,51.347924962875744,1207.0120849609375
21800,35.70566481811245,51.347924962875744,1207.0120849609375
21826,35.70566481811245,51.347924962875744,1207.0120849609375
21850,35.70566481811245,51.347924962875744,1207.0120849609375
21875,35.70566481811245,51.347924962875744,1207.0120849609375
21900,35.70566481811245,51.347924962875744,1207.0120849609375
21926,35.70566481811245,51.347924962875744,1207.0120849609375
21950,35.70566481811245,51.347924962875744,1207.0120849609375
21975,35.70566481811245,51.347924962875744,1207.0120849609375
22001,35.70566481811245,51.347924962875744,1207.0120849609375
22025,35.70566481811245,51.347924962875744,1207.0120849609375
22050,35.70566481811245,51.347924962875744,1207.0120849609375
22076,35.70566481811245,51.347924962875744,1207.0120849609375
22100,35.70566481811245,51.347924962875744,1207.0120849609375
22125,35.70566481811245,51.347924962875744,1207.0120849609375
22151,35.70566481811245,51.347924962875744,1207.0120849609375
22175,35.70566481811245,51.347924962875744,1207.0120849609375
22200,35.70566481811245,51.347924962875744,1207.0120849609375
22225,35.70566481811245,51.347924962875744,1207.0120849609375
22251,35.70566481811245,51.347924962875744,1207.0120849609375
22275,35.70566481811245,51.347924962875744,1207.0120849609375
22300,35.70566481811245,51.347924962875744,1207.0120849609375
22326,35.70566481811245,51.347924962875744,1207.0120849609375
22350,35.70566481811245,51.347924962875744,1207.0120849609375
22375,35.70566481811245,51.347924962875744,1207.0120849609375
22401,35.70566481811245,51.347924962875744,1207.0120849609375
22425,35.70566481811245,51.347924962875744,1207.0120849609375
22450,35.70566481811245,51.347924962875744,1207.0120849609375
22476,35.70566481811245,51.347924962875744,1207.0120849609375
22500,35.70566481811245,51.347924962875744,1207.0120849609375
22525,35.70566481811245,51.347924962875744,1207.0120849609375
22551,35.70566481811245,51.347924962875744,1207.0120849609375
22575,35.70566481811245,51.347924962875744,1207.0120849609375
22600,35.70566481811245,51.347924962875744,1207.0120849609375
22626,35.70566481811245,51.347924962875744,1207.0120849609375
22650,35.70566481811245,51.347924962875744,1207.0120849609375
22676,35.70566481811245,51.347924962875744,1207.0120849609375
22700,35.70566481811245,51.347924962875744,1207.0120849609375
22725,35.70566481811245,51.347924962875744,1207.0120849609375
22750,35.70566481811245,51.347924962875744,1207.0120849609375
22775,35.70566481811245,51.347924962875744,1207.0120849609375
22801,35.70566481811245,51.347924962875744,1207.0120849609375
22825,35.70566481811245,51.347924962875744,1207.0120849609375
22851,35.70566481811245,51.347924962875744,1207.0120849609375
22875,35.70566481811245,51.347924962875744,1207.0120849609375
22901,35.70566481811245,51.347924962875744,1207.0120849609375
22925,35.70566481811245,51.347924962875744,1207.0120849609375
22951,35.70566481811245,51.347924962875744,1207.0120849609375
22975,35.70566481811245,51.347924962875744,1207.0120849609375
23000,35.70566481811245,51.347924962875744,1207.0120849609375
23026,35.70566481811245,51.347924962875744,1207.0120849609375
23051,35.70566481811245,51.347924962875744,1207.0120849609375
23075,35.70566481811245,51.347924962875744,1207.0120849609375
23100,35.70566481811245,51.347924962875744,1207.0120849609375
23125,35.70566481811245,51.347924962875744,1207.0120849609375
23151,35.70566481811245,51.347924962875744,1207.0120849609375
23176,35.70566481811245,51.347924962875744,1207.0120849609375
23200,35.70566481811245,51.347924962875744,1207.0120849609375
23225,35.70566481811245,51.347924962875744,1207.0120849609375
23251,35.70566481811245,51.347924962875744,1207.0120849609375
23275,35.70566481811245,51.347924962875744,1207.0120849609375
23300,35.70566481811245,51.347924962875744,1207.0120849609375
23326,35.70566481811245,51.347924962875744,1207.0120849609375
23350,35.70566481811245,51.347924962875744,1207.0120849609375
23375,35.70566481811245,51.347924962875744,1207.0120849609375
23400,35.70566481811245,51.347924962875744,1207.0120849609375
23426,35.70566481811245,51.347924962875744,1207.0120849609375
23450,35.70566481811245,51.347924962875744,1207.0120849609375
23476,35.70566481811245,51.347924962875744,1207.0120849609375
23500,35.70566481811245,51.347924962875744,1207.0120849609375
23526,35.70566481811245,51.347924962875744,1207.0120849609375
23550,35.70566481811245,51.347924962875744,1207.0120849609375
23575,35.70566481811245,51.347924962875744,1207.0120849609375
23600,35.70566481811245,51.347924962875744,1207.0120849609375
23626,35.70566481811245,51.347924962875744,1207.0120849609375
23650,35.70566481811245,51.347924962875744,1207.0120849609375
23675,35.70566481811245,51.347924962875744,1207.0120849609375
23701,35.70566481811245,51.347924962875744,1207.0120849609375
23725,35.70566481811245,51.347924962875744,1207.0120849609375
23750,35.70566481811245,51.347924962875744,1207.0120849609375
23776,35.70566481811245,51.347924962875744,1207.0120849609375
23800,35.70566481811245,51.347924962875744,1207.0120849609375
23825,35.70566481811245,51.347924962875744,1207.0120849609375
23851,35.70566481811245,51.347924962875744,1207.0120849609375
23875,35.70566481811245,51.347924962875744,1207.0120849609375
23900,35.70566481811245,51.347924962875744,1207.0120849609375
23925,35.70566481811245,51.347924962875744,1207.0120849609375
23951,35.70566481811245,51.347924962875744,1207.0120849609375
23975,35.70566481811245,51.347924962875744,1207.0120849609375
24000,35.70566481811245,51.347924962875744,1207.0120849609375
24025,35.70566481811245,51.347924962875744,1207.0120849609375
24051,35.70566481811245,51.347924962875744,1207.0120849609375
24075,35.70566481811245,51.347924962875744,1207.0120849609375
24100,35.70566481811245,51.347924962875744,1207.0120849609375
24125,35.70566481811245,51.347924962875744,1207.0120849609375
24151,35.70566481811245,51.347924962875744,1207.0120849609375
24175,35.70566481811245,51.347924962875744,1207.0120849609375
24200,35.70566481811245,51.347924962875744,1207.0120849609375
24225,35.70566481811245,51.347924962875744,1207.0120849609375
24251,35.70566481811245,51.347924962875744,1207.0120849609375
24275,35.70566481811245,51.347924962875744,1207.0120849609375
24300,35.70566481811245,51.347924962875744,1207.0120849609375
24325,35.70566481811245,51.347924962875744,1207.0120849609375
24351,35.70566481811245,51.347924962875744,1207.0120849609375
24375,35.70566481811245,51.347924962875744,1207.0120849609375
24400,35.70566481811245,51.347924962875744,1207.0120849609375
24425,35.70566481811245,51.347924962875744,1207.0120849609375
24451,35.70566481811245,51.347924962875744,1207.0120849609375
24475,35.70566481811245,51.347924962875744,1207.0120849609375
24501,35.70566481811245,51.347924962875744,1207.0120849609375
24525,35.70566481811245,51.347924962875744,1207.0120849609375
24550,35.70566481811245,51.347924962875744,1207.0120849609375
24576,35.70566481811245,51.347924962875744,1207.0120849609375
24600,35.70566481811245,51.347924962875744,1207.0120849609375
24625,35.70566481811245,51.347924962875744,1207.0120849609375
24651,35.70566481811245,51.347924962875744,1207.0120849609375
24675,35.70566481811245,51.347924962875744,1207.0120849609375
24700,35.70566481811245,51.347924962875744,1207.0120849609375
24726,35.70566481811245,51.347924962875744,1207.0120849609375
24750,35.70566481811245,51.347924962875744,1207.0120849609375
24775,35.70566481811245,51.347924962875744,1207.0120849609375
24800,35.70566481811245,51.347924962875744,1207.0120849609375
24826,35.70566481811245,51.347924962875744,1207.0120849609375
24850,35.70566481811245,51.347924962875744,1207.0120849609375
24875,35.70566481811245,51.347924962875744,1207.0120849609375
24901,35.70566481811245,51.347924962875744,1207.0120849609375
24925,35.70566481811245,51.347924962875744,1207.0120849609375
24950,35.70566481811245,51.347924962875744,1207.0120849609375
24975,35.70612595091364,51.347953661895644,1208.9259033203125
25000,35.70612595091364,51.347953661895644,1208.9259033203125
25026,35.70612595091364,51.347953661895644,1208.9259033203125
25050,35.70612595091364,51.347953661895644,1208.9259033203125
25075,35.70612595091364,51.347953661895644,1208.9259033203125
25100,35.70612595091364,51.347953661895644,1208.9259033203125
25125,35.70612595091364,51.347953661895644,1208.9259033203125
25151,35.70612595091364,51.347953661895644,1208.9259033203125
25175,35.70612595091364,51.347953661895644,1208.9259033203125
25200,35.70612595091364,51.347953661895644,1208.9259033203125
25225,35.70612595091364,51.347953661895644,1208.9259033203125
25251,35.70612595091364,51.347953661895644,1208.9259033203125
25275,35.70612595091364,51.347953661895644,1208.9259033203125
25300,35.70612595091364,51.347953661895644,1208.9259033203125
25326,35.70612595091364,51.347953661895644,1208.9259033203125
25350,35.70612595091364,51.347953661895644,1208.9259033203125
25375,35.70612595091364,51.347953661895644,1208.9259033203125
25400,35.70612595091364,51.347953661895644,1208.9259033203125
25426,35.70612595091364,51.347953661895644,1208.9259033203125
25450,35.70612595091364,51.347953661895644,1208.9259033203125
25475,35.70612595091364,51.347953661895644,1208.9259033203125
25501,35.70612595091364,51.347953661895644,1208.9259033203125
25525,35.70612595091364,51.347953661895644,1208.9259033203125
25550,35.70612595091364,51.347953661895644,1208.9259033203125
25576,35.70612595091364,51.347953661895644,1208.9259033203125
25600,35.70612595091364,51.347953661895644,1208.9259033203125
25625,35.70612595091364,51.347953661895644,1208.9259033203125
25650,35.70612595091364,51.347953661895644,1208.9259033203125
25676,35.70612595091364,51.347953661895644,1208.9259033203125
25700,35.70612595091364,51.347953661895644,1208.9259033203125
25725,35.70612595091364,51.347953661895644,1208.9259033203125
25750,35.70612595091364,51.347953661895644,1208.9259033203125
25776,35.70612595091364,51.347953661895644,1208.9259033203125
25800,35.70612595091364,51.347953661895644,1208.9259033203125
25825,35.70612595091364,51.347953661895644,1208.9259033203125
25851,35.70612595091364,51.347953661895644,1208.9259033203125
25875,35.70612595091364,51.347953661895644,1208.9259033203125
25900,35.70612595091364,51.347953661895644,1208.9259033203125
25925,35.70612595091364,51.347953661895644,1208.9259033203125
25951,35.70612595091364,51.347953661895644,1208.9259033203125
25975,35.70612595091364,51.347953661895644,1208.9259033203125
26000,35.70612595091364,51.347953661895644,1208.9259033203125
26025,35.70612595091364,51.347953661895644,1208.9259033203125
26051,35.70612595091364,51.347953661895644,1208.9259033203125
26075,35.70612595091364,51.347953661895644,1208.9259033203125
26100,35.70612595091364,51.347953661895644,1208.9259033203125
26125,35.70612595091364,51.347953661895644,1208.9259033203125
26150,35.70612595091364,51.347953661895644,1208.9259033203125
26175,35.70612595091364,51.347953661895644,1208.9259033203125
26200,35.70612595091364,51.347953661895644,1208.9259033203125
26225,35.70612595091364,51.347953661895644,1208.9259033203125
26251,35.70612595091364,51.347953661895644,1208.9259033203125
26275,35.70612595091364,51.347953661895644,1208.9259033203125
26300,35.70612595091364,51.347953661895644,1208.9259033203125
26325,35.70612595091364,51.347953661895644,1208.9259033203125
26350,35.70612595091364,51.347953661895644,1208.9259033203125
26376,35.70612595091364,51.347953661895644,1208.9259033203125
26400,35.70612595091364,51.347953661895644,1208.9259033203125
26426,35.70612595091364,51.347953661895644,1208.9259033203125
26450,35.70612595091364,51.347953661895644,1208.9259033203125
26475,35.70612595091364,51.347953661895644,1208.9259033203125
26500,35.70612595091364,51.347953661895644,1208.9259033203125
26525,35.70612595091364,51.347953661895644,1208.9259033203125
26551,35.70612595091364,51.347953661895644,1208.9259033203125
26575,35.70612595091364,51.347953661895644,1208.9259033203125
26600,35.70612595091364,51.347953661895644,1208.9259033203125
26625,35.70612595091364,51.347953661895644,1208.9259033203125
26651,35.70612595091364,51.347953661895644,1208.9259033203125
26675,35.70612595091364,51.347953661895644,1208.9259033203125
26700,35.70612595091364,51.347953661895644,1208.9259033203125
26725,35.70612595091364,51.347953661895644,1208.9259033203125
26750,35.70612595091364,51.347953661895644,1208.9259033203125
26775,35.70612595091364,51.347953661895644,1208.9259033203125
26801,35.70612595091364,51.347953661895644,1208.9259033203125
26825,35.70612595091364,51.347953661895644,1208.9259033203125
26850,35.70612595091364,51.347953661895644,1208.9259033203125
26875,35.70612595091364,51.347953661895644,1208.9259033203125
26901,35.70612595091364,51.347953661895644,1208.9259033203125
26925,35.70612595091364,51.347953661895644,1208.9259033203125
26950,35.70612595091364,51.347953661895644,1208.9259033203125
26976,35.70612595091364,51.347953661895644,1208.9259033203125
27000,35.70612595091364,51.347953661895644,1208.9259033203125
27025,35.70612595091364,51.347953661895644,1208.9259033203125
27051,35.70612595091364,51.347953661895644,1208.9259033203125
27075,35.70612595091364,51.347953661895644,1208.9259033203125
27100,35.70612595091364,51.347953661895644,1208.9259033203125
27126,35.70612595091364,51.347953661895644,1208.9259033203125
27150,35.70612595091364,51.347953661895644,1208.9259033203125
27175,35.70612595091364,51.347953661895644,1208.9259033203125
27200,35.70612595091364,51.347953661895644,1208.9259033203125
27226,35.70612595091364,51.347953661895644,1208.9259033203125
27250,35.70612595091364,51.347953661895644,1208.9259033203125
27275,35.70612595091364,51.347953661895644,1208.9259033203125
27300,35.70612595091364,51.347953661895644,1208.9259033203125
27325,35.70612595091364,51.347953661895644,1208.9259033203125
27350,35.70612595091364,51.347953661895644,1208.9259033203125
27376,35.70612595091364,51.347953661895644,1208.9259033203125
27400,35.70612595091364,51.347953661895644,1208.9259033203125
27425,35.70612595091364,51.347953661895644,1208.9259033203125
27450,35.70612595091364,51.347953661895644,1208.9259033203125
27475,35.70612595091364,51.347953661895644,1208.9259033203125
27501,35.70612595091364,51.347953661895644,1208.9259033203125
27525,35.70612595091364,51.347953661895644,1208.9259033203125
27550,35.70612595091364,51.347953661895644,1208.9259033203125
27576,35.70612595091364,51.347953661895644,1208.9259033203125
27600,35.70612595091364,51.347953661895644,1208.9259033203125
27626,35.70612595091364,51.347953661895644,1208.9259033203125
27650,35.70612595091364,51.347953661895644,1208.9259033203125
27675,35.70612595091364,51.347953661895644,1208.9259033203125
27701,35.70612595091364,51.347953661895644,1208.9259033203125
27725,35.70612595091364,51.347953661895644,1208.9259033203125
27750,35.70612595091364,51.347953661895644,1208.9259033203125
27775,35.70612595091364,51.347953661895644,1208.9259033203125
27800,35.70612595091364,51.347953661895644,1208.9259033203125
27826,35.70612595091364,51.347953661895644,1208.9259033203125
27850,35.70612595091364,51.347953661895644,1208.9259033203125
27875,35.70612595091364,51.347953661895644,1208.9259033203125
27900,35.70612595091364,51.347953661895644,1208.9259033203125
27925,35.70612595091364,51.347953661895644,1208.9259033203125
27951,35.70612595091364,51.347953661895644,1208.9259033203125
27975,35.70612595091364,51.347953661895644,1208.9259033203125
28000,35.70612595091364,51.347953661895644,1208.9259033203125
28026,35.70612595091364,51.347953661895644,1208.9259033203125
28050,35.70612595091364,51.347953661895644,1208.9259033203125
28075,35.70612595091364,51.347953661895644,1208.9259033203125
28101,35.70612595091364,51.347953661895644,1208.9259033203125
28125,35.70612595091364,51.347953661895644,1208.9259033203125
28150,35.70612595091364,51.347953661895644,1208.9259033203125
28176,35.70612595091364,51.347953661895644,1208.9259033203125
28200,35.70612595091364,51.347953661895644,1208.9259033203125
28225,35.70612595091364,51.347953661895644,1208.9259033203125
28250,35.70612595091364,51.347953661895644,1208.9259033203125
28275,35.70612595091364,51.347953661895644,1208.9259033203125
28301,35.70612595091364,51.347953661895644,1208.9259033203125
28325,35.70612595091364,51.347953661895644,1208.9259033203125
28350,35.70612595091364,51.347953661895644,1208.9259033203125
28376,35.70612595091364,51.347953661895644,1208.9259033203125
28400,35.70612595091364,51.347953661895644,1208.9259033203125
28425,35.70612595091364,51.347953661895644,1208.9259033203125
28451,35.70612595091364,51.347953661895644,1208.9259033203125
28475,35.70612595091364,51.347953661895644,1208.9259033203125
28500,35.70612595091364,51.347953661895644,1208.9259033203125
28526,35.70612595091364,51.347953661895644,1208.9259033203125
28550,35.70612595091364,51.347953661895644,1208.9259033203125
28575,35.70612595091364,51.347953661895644,1208.9259033203125
28600,35.70612595091364,51.347953661895644,1208.9259033203125
28626,35.70612595091364,51.347953661895644,1208.9259033203125
28650,35.70612595091364,51.347953661895644,1208.9259033203125
28675,35.70612595091364,51.347953661895644,1208.9259033203125
28700,35.70612595091364,51.347953661895644,1208.9259033203125
28726,35.70612595091364,51.347953661895644,1208.9259033203125
28750,35.70612595091364,51.347953661895644,1208.9259033203125
28775,35.70612595091364,51.347953661895644,1208.9259033203125
28801,35.70612595091364,51.347953661895644,1208.9259033203125
28825,35.70612595091364,51.347953661895644,1208.9259033203125
28850,35.70612595091364,51.347953661895644,1208.9259033203125
28876,35.70612595091364,51.347953661895644,1208.9259033203125
28900,35.70612595091364,51.347953661895644,1208.9259033203125
28925,35.706433979588695,51.347984624320716,1209.6488037109375
28951,35.706433979588695,51.347984624320716,1209.6488037109375
28975,35.706433979588695,51.347984624320716,1209.6488037109375
29000,35.706433979588695,51.347984624320716,1209.6488037109375
29025,35.706433979588695,51.347984624320716,1209.6488037109375
29051,35.706433979588695,51.347984624320716,1209.6488037109375
29075,35.706433979588695,51.347984624320716,1209.6488037109375
29100,35.706433979588695,51.347984624320716,1209.6488037109375
29125,35.706433979588695,51.347984624320716,1209.6488037109375
29151,35.706433979588695,51.347984624320716,1209.6488037109375
29175,35.706433979588695,51.347984624320716,1209.6488037109375
29200,35.706433979588695,51.347984624320716,1209.6488037109375
29225,35.706433979588695,51.347984624320716,1209.6488037109375
29251,35.706433979588695,51.347984624320716,1209.6488037109375
29275,35.706433979588695,51.347984624320716,1209.6488037109375
29300,35.706433979588695,51.347984624320716,1209.6488037109375
29325,35.706433979588695,51.347984624320716,1209.6488037109375
29351,35.706433979588695,51.347984624320716,1209.6488037109375
29375,35.706433979588695,51.347984624320716,1209.6488037109375
29400,35.706433979588695,51.347984624320716,1209.6488037109375
29426,35.706433979588695,51.347984624320716,1209.6488037109375
29450,35.706433979588695,51.347984624320716,1209.6488037109375
29475,35.706433979588695,51.347984624320716,1209.6488037109375
29500,35.706433979588695,51.347984624320716,1209.6488037109375
29525,35.706433979588695,51.347984624320716,1209.6488037109375
29551,35.706433979588695,51.347984624320716,1209.6488037109375
29575,35.706433979588695,51.347984624320716,1209.6488037109375
29600,35.706433979588695,51.347984624320716,1209.6488037109375
29626,35.706433979588695,51.347984624320716,1209.6488037109375
29650,35.706433979588695,51.347984624320716,1209.6488037109375
29675,35.706433979588695,51.347984624320716,1209.6488037109375
29701,35.706433979588695,51.347984624320716,1209.6488037109375
29725,35.706433979588695,51.347984624320716,1209.6488037109375
29750,35.706433979588695,51.347984624320716,1209.6488037109375
29785,35.706433979588695,51.347984624320716,1209.6488037109375
29800,35.706433979588695,51.347984624320716,1209.6488037109375
29825,35.706433979588695,51.347984624320716,1209.6488037109375
