,Milliseconds,RotationVectorX,RotationVectorY,RotationVectorZ,RotationVectorcos
0,0.0,0.080053054,0.011916557,-0.092073664,0.9924575000000001
1,25.0,0.07986877,0.012311581499999998,-0.09372545,0.9923129
2,50.0,0.08169164,0.019145815,-0.09960345,0.9914833000000001
3,75.0,0.08209823,0.018317148000000002,-0.10298372,0.9911199
4,100.0,0.08219698,0.016405765,-0.10216289999999999,0.9912302
5,125.0,0.08229009,0.014016292,-0.10103985,0.9913742
6,150.0,0.08305128,0.0119095575,-0.099103265,0.99153376
7,175.0,0.08361538,0.011835968999999998,-0.10151062,0.99124366
8,200.0,0.083958715,0.012306871,-0.10141833,0.9912183000000001
9,225.0,0.085254334,0.011838955,-0.10268757,0.9909828000000002
10,250.0,0.08674884599999999,0.010630902,-0.10194438,0.9909435
11,275.0,0.08833748,0.0032814357,-0.10023196,0.9910294
12,300.0,0.08649091,-0.003428938,-0.095613874,0.9916478999999999
13,325.0,0.084993765,-0.0035878748,-0.09747589,0.9915955
14,350.0,0.0856799,-0.0026414865000000004,-0.10059719,0.9912276
15,375.0,0.08199896,-0.012320065,-0.0955033,0.9919695
16,400.0,0.08197549,-0.012475275,-0.097381026,0.99178696
17,425.0,0.081275985,-0.021676661,-0.090678945,0.9923214
18,450.0,0.08273463,-0.027087822999999997,-0.08724599,0.9923755999999999
19,475.0,0.08508431,-0.041608367,-0.07978176,0.99230254
20,500.0,0.08383958,-0.04954051,-0.07466852,0.9924421
21,525.0,0.08134603,-0.057521027,-0.070896454,0.9924958
22,550.0,0.07849945,-0.059619399999999996,-0.07360696,0.99240386
23,575.0,0.06863492,-0.07153369,-0.07172209,0.9924858
24,600.0,0.06608902,-0.07712328,-0.06763548400000001,0.9925269
25,625.0,0.06362052,-0.07828207,-0.06735189999999999,0.9926168
26,650.0,0.06101440599999999,-0.07557287,-0.07326265400000001,0.9925716999999998
27,675.0,0.05668806,-0.07190849,-0.08222017,0.99239886
28,700.0,0.054857206,-0.077054024,-0.0805755,0.99225044
29,725.0,0.051099717999999995,-0.08760877,-0.07504041,0.9920093000000001
30,750.0,0.039579592999999996,-0.09062113,-0.07509335,0.9922612
31,775.0,0.033533726,-0.09208371,-0.07632004,0.9922556999999999
32,800.0,0.033533726,-0.09208371,-0.07632004,0.9922556999999999
33,825.0,0.0139055895,-0.13394085,-0.054901186,0.9893697
34,850.0,0.010153345,-0.14414188,-0.054900445,0.9879808000000001
35,875.0,0.010199165,-0.15957443,-0.056607645,0.9855088
36,900.0,0.01281707,-0.19250563,-0.03740791,0.98049885
37,925.0,0.007323663,-0.20708764,-0.0339278,0.9777065
38,950.0,0.0041457927,-0.21197538,-0.037747465,0.9765369
39,975.0,0.006218225,-0.21655789999999997,-0.042308862999999995,0.97533274
40,1000.0,0.008708554,-0.23837289999999997,-0.046733472000000005,0.9700095
41,1025.0,0.008583724499999999,-0.25299629999999995,-0.041552745,0.96653634
42,1050.0,0.0006559044,-0.27498665,-0.028249674,0.9610327
43,1075.0,-0.008565706,-0.29834598,-0.008211491999999999,0.954384
44,1100.0,-0.034378354,-0.3671801,0.061439984,0.92748153
45,1125.0,-0.042657666,-0.39252958,0.09400919,0.9139273000000001
46,1150.0,-0.05026223,-0.41597447,0.12687644,0.899078
47,1175.0,-0.044880095999999994,-0.44237029999999994,0.1560395,0.8820125
48,1200.0,-0.014582808000000001,-0.5084292,0.22655448,0.8306384
49,1225.0,-0.0050520445,-0.5348283,0.25909218,0.80424154
50,1250.0,0.0056391456,-0.5530984,0.2799185,0.784663
51,1275.0,0.010152348,-0.55303395,0.28631216,0.7823526999999999
52,1300.0,0.020437427,-0.5527494000000001,0.30081496,0.7768917
53,1325.0,0.025100643,-0.5525573,0.30735946,0.7743259
54,1350.0,0.030368367,-0.5522928,0.314729,0.77135986
55,1375.0,0.03502275,-0.5520172,0.32121986,0.7686795
56,1400.0,0.039293423,-0.5524579000000001,0.3478908,0.7564510999999999
57,1425.0,0.041628443,-0.5525674,0.35719636,0.75189567
58,1450.0,0.043687522,-0.55036885,0.36809528,0.74812526
59,1475.0,0.044496484,-0.54839784,0.37704524,0.7450616
60,1500.0,0.049413975,-0.54979944,0.39705357,0.7332307
61,1525.0,0.0566306,-0.5559162,0.40687746,0.72263473
62,1550.0,0.06395239400000001,-0.5628376,0.41505990000000004,0.71193343
63,1575.0,0.066339985,-0.56137973,0.42069426,0.7095549
64,1600.0,0.066452645,-0.55073255,0.42929759999999995,0.7127281
65,1625.0,0.06899158,-0.54939175,0.43381783,0.71078193
66,1650.0,0.07169845,-0.5500036,0.43743274,0.70781916
67,1675.0,0.0776102,-0.55370504,0.44059172,0.70232916
68,1700.0,0.08372471,-0.5525139,0.43884364,0.70365816
69,1725.0,0.076043695,-0.5455579,0.44588402,0.70552915
70,1750.0,0.07345231599999999,-0.5509390000000001,0.45180145,0.6978154000000001
71,1775.0,0.076212026,-0.5590487,0.4539184,0.68964803
72,1800.0,0.07652835,-0.56518286,0.45848382,0.68154556
73,1825.0,0.06914002400000001,-0.57811445,0.47443187,0.66024065
74,1850.0,0.065522656,-0.5850585,0.47873420000000005,0.651327
75,1875.0,0.065522656,-0.5850585,0.47873420000000005,0.651327
76,1900.0,0.052547928,-0.58894473,0.49539158,0.6363725
77,1925.0,0.041378162999999996,-0.5944291,0.51207274,0.61864644
78,1950.0,0.04089907,-0.5944623,0.511574,0.6190589
79,1975.0,0.04947721,-0.60252535,0.505258,0.6158161999999999
80,2000.0,0.06811345,-0.61249197,0.4815107,0.62318665
81,2025.0,0.08497698599999999,-0.6204878,0.45505905,0.6330048
82,2050.0,0.09223050599999999,-0.6211291,0.44358405,0.6394727
83,2075.0,0.10976404,-0.6413229,0.42707703,0.62790287
84,2100.0,0.093803264,-0.63628435,0.4432732,0.6243813
85,2125.0,0.039102964,-0.63828236,0.5180567,0.5680527
86,2150.0,0.025677076,-0.6437298,0.5416198,0.54000056
87,2175.0,0.018446138,-0.64703125,0.5508211,0.52688366
88,2200.0,0.011834858,-0.6487932,0.5559307,0.5194885
89,2225.0,0.0013232703,-0.65706384,0.5616374,0.50282085
90,2250.0,-0.0032966426,-0.65770066,0.55839753,0.50558
91,2275.0,-0.007568676,-0.6552449,0.55355835,0.5139747
92,2300.0,-0.0126624005,-0.65632266,0.5528459,0.51326567
93,2325.0,-0.023031818,-0.6576930000000001,0.5566398,0.50701237
94,2350.0,-0.02833555,-0.65805084,0.5606495,0.5018349
95,2375.0,-0.033985257000000005,-0.660389,0.56510967,0.49333805
96,2400.0,-0.047042064,-0.6661478,0.5838889,0.4616361
97,2425.0,-0.05955473,-0.66525,0.5930546,0.4496465
98,2450.0,-0.062724784,-0.6681796,0.59307534,0.44481832
99,2475.0,-0.057879817,-0.6756781999999999,0.5764271,0.4558955
100,2500.0,-0.05815819,-0.6695123000000001,0.56854707,0.47447357
101,2525.0,-0.0628952,-0.6603663000000001,0.56928617,0.4856684
102,2550.0,-0.08951749,-0.6651404000000001,0.59781015,0.43840382
103,2575.0,-0.11159123,-0.66643816,0.6301866999999999,0.38245565
104,2600.0,-0.12096445,-0.65705824,0.6390252,0.38116777
105,2625.0,-0.12822539,-0.6544185,0.6471438,0.3694585
106,2650.0,-0.13700137,-0.6651248000000001,0.6494939999999999,0.34204856
107,2675.0,-0.1439634,-0.6551209,0.6598638000000001,0.33863086
108,2700.0,-0.15275683,-0.6631576,0.66940886,0.2979583
109,2725.0,-0.15530604,-0.67521524,0.6649797,0.27886623
110,2750.0,-0.17656808,-0.65454185,0.68996716,0.25366116
111,2775.0,-0.18232244,-0.6550766,0.69339687,0.23839872
112,2800.0,-0.18633458,-0.65611213,0.6952906,0.22664338
113,2825.0,-0.1901945,-0.65517545,0.69712657,0.22042164
114,2850.0,-0.19455215,-0.6556633000000001,0.6983965,0.21094419
115,2875.0,-0.19676182,-0.6576234000000001,0.6976974,0.20502335
116,2900.0,-0.19913599999999998,-0.66083795,0.69610137,0.19768892
117,2925.0,-0.20323360000000001,-0.66779816,0.69112515,0.18731728
118,2950.0,-0.20724113,-0.6732358,0.6851596,0.18536732
119,2975.0,-0.20808205,-0.6753756,0.68245274,0.18662238
120,3000.0,-0.20928577,-0.6778712,0.67891794,0.18910436
121,3025.0,-0.20923911,-0.6824076,0.67447203,0.18874939999999998
122,3050.0,-0.21288298,-0.6893495,0.6678181,0.18302217
123,3075.0,-0.21840107,-0.69061595,0.66619056,0.17759691
124,3100.0,-0.22347556,-0.69190216,0.66481566,0.17131907
125,3125.0,-0.22500972,-0.7045478000000001,0.65242755,0.16529156
126,3150.0,-0.22386858,-0.7160890000000001,0.6389675,0.16976415
127,3175.0,-0.22536685,-0.7251075,0.62981,0.1636101
128,3200.0,-0.22916575,-0.7181347,0.6376439,0.15866922
129,3225.0,-0.22973429,-0.71566445,0.6403171,0.1582422
130,3250.0,-0.22766379,-0.7250228,0.6319378999999999,0.1522027
131,3275.0,-0.22818859,-0.7440939999999999,0.6184234000000001,0.10865828
132,3300.0,-0.2264847,-0.75176644,0.6092839,0.11101818
133,3325.0,-0.2246456,-0.75903195,0.5997234,0.117203616
134,3350.0,-0.22281346,-0.7648571,0.5926076,0.11901258
135,3375.0,-0.217067,-0.7792946,0.57726204,0.11113203
136,3400.0,-0.21342416,-0.7881723,0.5673569,0.10649248
137,3425.0,-0.20919767,-0.7973333,0.55693656,0.101575665
138,3450.0,-0.20428307,-0.80665576,0.5464876000000001,0.0944783
139,3475.0,-0.19068022,-0.83774585,0.50707203,0.06856296
140,3500.0,-0.18575913,-0.8491014000000001,0.49069607,0.061136212
141,3525.0,-0.18059036,-0.86000264,0.47446954,0.051587533
142,3550.0,-0.17618588,-0.8690014000000001,0.46013293,0.045528643
143,3575.0,-0.16845013,-0.88119155,0.43949142,0.04442182
144,3600.0,-0.16338515,-0.88711715,0.43015194,0.036023772999999995
145,3625.0,-0.1604224,-0.89002573,0.42635587,0.018424923
146,3650.0,-0.15700658,-0.89029396,0.42739558,0.007657946999999999
147,3675.0,-0.15490772,-0.88571775,0.4364865,0.031418923
148,3700.0,0.14832558,0.8809213,-0.44939065,0.0050218413
149,3725.0,0.14660369,0.8715902,-0.4675495,0.015340313000000001
150,3750.0,0.14643727,0.85376036,-0.49959713,0.007214638000000001
151,3775.0,-0.14847529,-0.84334296,0.51631445,0.012128972
152,3800.0,-0.15478168,-0.83070636,0.53330725,0.039407127
153,3825.0,-0.15561257,-0.8246634,0.5428487,0.032098144
154,3850.0,-0.1597819,-0.8188880999999999,0.55027366,0.03302877
155,3875.0,-0.16532488,-0.8105458000000001,0.5600603,0.044895764000000005
156,3900.0,-0.18055853,-0.78921837,0.5788194000000001,0.09747352
157,3925.0,-0.18579172,-0.78100747,0.5843428,0.11854239999999999
158,3950.0,-0.18846515,-0.7743361999999999,0.5901703,0.12877615
159,3975.0,-0.19034679,-0.7685890000000001,0.5969204,0.1293253
160,4000.0,-0.19474395,-0.76322275,0.6084831999999999,0.09650917
161,4025.0,-0.19958074,-0.7577071,0.61262065,0.1036501
162,4050.0,-0.20360938,-0.7501955,0.61784416,0.11839993
163,4075.0,-0.20667231,-0.7419581000000001,0.62384576,0.13266972
164,4100.0,-0.21235915,-0.7323736,0.6292826,0.15011986
165,4125.0,-0.2140212,-0.73736584,0.6234276999999999,0.14773116
166,4150.0,-0.21622184,-0.7411214,0.6179628,0.14869146
167,4175.0,-0.21661092,-0.7387861,0.6175772,0.16085172
168,4200.0,-0.21959935,-0.7366425,0.6116282,0.18720302
169,4225.0,-0.21303248,-0.73304844,0.60592103,0.22386788
170,4250.0,-0.20999244,-0.7273941999999999,0.60663486,0.24247675
171,4275.0,-0.20912117,-0.72183996,0.609093,0.2534187
172,4300.0,-0.21978506,-0.71978176,0.61329544,0.23974448
173,4325.0,-0.22658327,-0.7108926999999999,0.6255970999999999,0.22785929
174,4350.0,-0.23355465,-0.7002683000000001,0.6385236,0.21763304
175,4375.0,-0.24435917,-0.6962616,0.6503840999999999,0.18030213
176,4400.0,-0.24786653,-0.70011026,0.6506436999999999,0.15833695
177,4425.0,-0.2528399,-0.6897088,0.66106606,0.15285757
178,4450.0,-0.253762,-0.68520653,0.6632836,0.16171506
179,4475.0,-0.25540748,-0.6825338000000001,0.6639463000000001,0.16760060000000002
180,4500.0,-0.2559925,-0.67674816,0.6690454,0.16987662
181,4525.0,-0.25950432,-0.6707531999999999,0.6735026999999999,0.17070967
182,4550.0,-0.25951126,-0.668905,0.6751944999999999,0.17126712
183,4575.0,-0.258892,-0.66924274,0.6755473000000001,0.16948438
184,4600.0,-0.25971287,-0.6678592,0.67756677,0.16557956
185,4625.0,-0.25224614,-0.67948574,0.6742129,0.14180246
186,4650.0,-0.24127936,-0.7003438,0.66104627,0.1196692
187,4675.0,-0.22892284,-0.7344085,0.6303904,0.104146205
188,4700.0,-0.21791609,-0.775727,0.5816985,0.11129767
189,4725.0,-0.20244022,-0.81426156,0.5325244,0.11141749
190,4750.0,-0.19288889,-0.82810795,0.5180465999999999,0.09305261
191,4775.0,-0.18742533,-0.8311265999999999,0.51618326,0.08749389
192,4800.0,-0.18148051,-0.82652473,0.5275249,0.07509443
193,4825.0,-0.18006696,-0.80293,0.56311816,0.07600798
194,4850.0,-0.17378539,-0.7997380999999999,0.57247776,0.049868185
195,4875.0,-0.17148246,-0.78685194,0.5914518,0.04052798
196,4900.0,-0.17867847,-0.7640011999999999,0.6156896,0.07281838
197,4925.0,-0.18568558,-0.75111353,0.62361825,0.11157787
198,4950.0,-0.1874674,-0.7483479999999999,0.6261717,0.11287268
199,4975.0,-0.18541625,-0.74663156,0.63021296,0.10485131
200,5000.0,-0.18650177,-0.7419159000000001,0.6351521,0.10658178
201,5025.0,-0.19312996,-0.73174006,0.641041,0.12776461
202,5050.0,-0.19382074,-0.73155737,0.64092004,0.12836978
203,5075.0,-0.19526784,-0.7260397,0.6480068,0.12175384
204,5100.0,-0.19552273,-0.7263884,0.64854515,0.11627548
205,5125.0,-0.20519923,-0.7193244000000001,0.6467822,0.14878975
206,5150.0,-0.21090122,-0.71465313,0.6442659000000001,0.1723748
207,5175.0,-0.21294236,-0.71364087,0.6430706,0.17841664
208,5200.0,-0.21571511,-0.71981853,0.6379606,0.16832878
209,5225.0,-0.21861643,-0.7219839,0.63459325,0.16804007
210,5250.0,-0.22670811,-0.71758,0.63110644,0.18811437
211,5275.0,-0.22877885,-0.71691006,0.62663275,0.20256248
212,5300.0,-0.22996697,-0.7157866,0.6227050000000001,0.21680246
213,5325.0,-0.2297743,-0.71518594,0.6174034,0.23350775
214,5350.0,-0.23283717,-0.71215737,0.6123847,0.2521978
215,5375.0,-0.23528741,-0.71135163,0.61151284,0.25430444
216,5400.0,-0.23776485,-0.71052736,0.61062294,0.25643384
217,5425.0,-0.23789516,-0.71048373,0.6105759,0.25654584
218,5450.0,-0.23805557,-0.71043,0.610518,0.2566837
219,5475.0,-0.24453804,-0.7091838,0.61851513,0.23387711
220,5500.0,-0.24894711,-0.7070350999999999,0.624063,0.22061747
221,5525.0,-0.25139812,-0.7036536,0.6284405,0.21617848
222,5550.0,-0.25618297,-0.6946607,0.63488257,0.22077331
223,5575.0,-0.25917134,-0.68914753,0.63806427,0.22534397
224,5600.0,-0.26268968,-0.684705,0.63959724,0.23040946
225,5625.0,-0.26658738,-0.67935,0.6409272,0.23796439999999996
226,5650.0,-0.27524948,-0.6677166,0.64727485,0.24377754
227,5675.0,-0.27668297,-0.666679,0.649625,0.23869006
228,5700.0,-0.27312717,-0.6743524000000001,0.64749277,0.22672350000000002
229,5725.0,-0.26582968,-0.68983746,0.6394347,0.21114491
230,5750.0,-0.24059139,-0.74888873,0.58717793,0.19105896
231,5775.0,-0.22847889999999998,-0.77980584,0.5568571999999999,0.17207651
232,5800.0,-0.21881022,-0.799457,0.53735405,0.15569603
233,5825.0,-0.21082038,-0.812793,0.5242339,0.14177857
234,5850.0,-0.20030704,-0.82155037,0.5251095,0.09587557599999999
235,5875.0,-0.20278977,-0.8143220999999999,0.5336508000000001,0.10475
236,5900.0,-0.20584372,-0.8046678,0.54608095,0.109241635
237,5925.0,-0.20700975,-0.79529864,0.5596159,0.1071309
238,5950.0,-0.21051249,-0.7810371,0.5780595000000001,0.10729739
239,5975.0,-0.22567435,-0.7558675,0.59843856,0.14002393
240,6000.0,-0.22878835,-0.751155,0.6014955,0.14705521
241,6025.0,-0.22627229999999998,-0.750156,0.60533386,0.14013487
242,6050.0,-0.22487159,-0.74824095,0.6102638000000001,0.13094398
243,6075.0,-0.23218016,-0.7362707,0.61903465,0.14420095
244,6100.0,-0.23211011,-0.7362928000000001,0.61904836,0.14414206
245,6125.0,-0.23656590000000002,-0.7310028000000001,0.62012774,0.15847091
246,6150.0,-0.24081774,-0.7265915,0.620557,0.17023702
247,6175.0,-0.24528720000000004,-0.7204329,0.62355983,0.17884032
248,6200.0,-0.24926434,-0.71607935,0.6246145000000001,0.18696092
249,6225.0,-0.25330418,-0.71089363,0.6251727,0.19906382
250,6250.0,-0.25547042,-0.70748276,0.62549067,0.20727862
251,6275.0,-0.25534827,-0.7119039,0.620222,0.20812188
252,6300.0,-0.25583792,-0.71586233,0.61592823,0.2066893
253,6325.0,-0.25714985,-0.714354,0.6136159000000001,0.21690543
254,6350.0,-0.25931418,-0.71226627,0.6088205,0.23403089
255,6375.0,-0.25878823,-0.71257,0.6000656999999999,0.25533068
256,6400.0,-0.25932398,-0.71178895,0.59525317,0.26792014
257,6425.0,-0.2595658,-0.7085243,0.5931774000000001,0.28064126
258,6450.0,-0.26023963,-0.70704323,0.5923233,0.28551406
259,6475.0,-0.26812017,-0.6850369000000001,0.61580825,0.2821635
260,6500.0,-0.27274448,-0.6812159999999999,0.6258840999999999,0.26424298
261,6525.0,-0.27750665,-0.67929596,0.6348796,0.24181601
262,6550.0,-0.28131366,-0.67856336,0.6415873000000001,0.22086218
263,6575.0,-0.28895003,-0.6691435,0.64963794,0.21616066
264,6600.0,-0.29350755,-0.66235006,0.6500946,0.22917832
265,6625.0,-0.29582759999999997,-0.6558031999999999,0.6519288000000001,0.23957679
266,6650.0,-0.30156893,-0.64729446,0.65342987,0.25118813
267,6675.0,-0.30804396,-0.6382232,0.6555637,0.26079944
268,6700.0,-0.32438502,-0.6159739000000001,0.6619845,0.27771756
269,6725.0,-0.33206666,-0.60718006,0.6650934000000001,0.2805617
270,6750.0,-0.33369390000000004,-0.60605943,0.66874534,0.27225003
271,6775.0,-0.33161065,-0.61222917,0.67061496,0.25590104
272,6800.0,-0.28833434,-0.68672866,0.6419649000000001,0.18206622
273,6825.0,-0.26762035,-0.733542,0.601711,0.16804567
274,6850.0,-0.25447285,-0.7603723000000001,0.57629883,0.15797865
275,6875.0,-0.24594545,-0.7769786999999999,0.5600542,0.1488432
276,6900.0,-0.22884585,-0.80048555,0.53852326,0.12978900000000002
277,6925.0,-0.22281261,-0.8038731,0.54050183,0.10954623
278,6950.0,-0.22582807,-0.79335654,0.5526916999999999,0.11882321
279,6975.0,-0.22719179999999997,-0.78360564,0.5655840999999999,0.12025250000000001
280,7000.0,-0.2215248,-0.76758856,0.5936677,0.096401595
281,7025.0,-0.22153309,-0.75762194,0.6070878000000001,0.091523044
282,7050.0,-0.23565213,-0.7415390000000001,0.61652017,0.12037774
283,7075.0,-0.24844088,-0.7306523,0.6178409,0.15065521
284,7100.0,-0.25746068,-0.72203255,0.61675256,0.17888337
285,7125.0,-0.25784838,-0.7204593,0.61813825,0.17988253
286,7150.0,-0.2557376,-0.7209753000000001,0.61968005,0.17546943
287,7175.0,-0.25372943,-0.72028255,0.62250525,0.17117716
288,7200.0,-0.24995857,-0.71610254,0.63045734,0.16504969
289,7225.0,-0.24917026,-0.71520686,0.6314478,0.16633399
290,7250.0,-0.24976516,-0.7144423000000001,0.630095,0.17369466
291,7275.0,-0.2502741,-0.7138729,0.62870646,0.18021245
292,7300.0,-0.24857719,-0.71517015,0.62595063,0.18688738
293,7325.0,-0.24820705,-0.71523285,0.6243404,0.19244292
294,7350.0,-0.24944638,-0.71415305,0.62321305,0.19841242
295,7375.0,-0.25168285,-0.7135,0.6197933000000001,0.20839803
296,7400.0,-0.25043508,-0.7150017,0.61496985,0.21878499999999998
297,7425.0,-0.24963135,-0.71255624,0.6042316,0.25466043
298,7450.0,-0.24951655,-0.7104085,0.6019434,0.2659425
299,7475.0,-0.25134796,-0.7091938,0.60233474,0.26657316
300,7500.0,-0.25622110000000003,-0.6994723,0.61167693,0.2663467
301,7525.0,-0.26087198,-0.68987197,0.62885296,0.24610251
302,7550.0,-0.26158002,-0.6923661999999999,0.6339866999999999,0.22420044
303,7575.0,-0.26359105,-0.6943871,0.6374325,0.20500271
304,7600.0,-0.26345609999999997,-0.6953406999999999,0.6413087,0.18924939999999998
305,7625.0,-0.26891909999999997,-0.68726045,0.6472222,0.19094239999999998
306,7650.0,-0.27306354,-0.6808233,0.64987075,0.19895701
307,7675.0,-0.27947867,-0.6728729999999999,0.65204465,0.20969343
308,7700.0,-0.28502896,-0.6655914,0.65420264,0.2185531
309,7725.0,-0.30034313,-0.6475042,0.65790343,0.24019861
310,7750.0,-0.3057013,-0.6449918,0.65588933,0.24564506
311,7775.0,-0.31288615,-0.6372156,0.65776306,0.25180605
312,7800.0,-0.31741372,-0.632933,0.6605359000000001,0.24967311
313,7825.0,-0.29882729999999996,-0.6592626,0.65774876,0.20842649
314,7850.0,-0.26969215,-0.7108616,0.6249455,0.17715816
315,7875.0,-0.25314847,-0.75225234,0.5824541,0.175441
316,7900.0,-0.24197836,-0.7736053,0.5630854999999999,0.16098465
317,7925.0,-0.23015632,-0.7901999,0.55062157,0.13938458
318,7950.0,-0.21696992,-0.79849404,0.5502768,0.11192308
319,7975.0,-0.21371272,-0.79956234,0.55190647,0.102108665
320,8000.0,-0.21857312,-0.78365767,0.57061327,0.11183459
321,8025.0,-0.22127245,-0.76366043,0.59706,0.10667957
322,8050.0,-0.22436759,-0.7502734000000001,0.6128224,0.10581886
323,8075.0,-0.23494461,-0.7381689,0.6200142,0.12445912
324,8100.0,-0.24709718,-0.72843426,0.6210753000000001,0.15030643
325,8125.0,-0.25030866,-0.724121,0.6215579999999999,0.16327903
326,8150.0,-0.2474109,-0.7230958000000001,0.625903,0.15545353
327,8175.0,-0.24302684,-0.7243755999999999,0.62862176,0.14509505
328,8200.0,-0.24243869,-0.7241923000000001,0.629641,0.1425524
329,8225.0,-0.24542233,-0.7223081,0.62936103,0.14813384
330,8250.0,-0.25598064,-0.71339864,0.6284746999999999,0.17480245
331,8275.0,-0.2586945,-0.71097815,0.6267010999999999,0.18663596
332,8300.0,-0.25887823,-0.71229076,0.623097,0.19332363
333,8325.0,-0.25847942,-0.7145961999999999,0.6193611,0.19731306
334,8350.0,-0.25918353,-0.7148015999999999,0.61674213,0.20374417
335,8375.0,-0.261125,-0.7155758000000001,0.61454344,0.20518619
336,8400.0,-0.26396729999999996,-0.7131407,0.61255676,0.21569847
337,8425.0,-0.2658509,-0.7108928000000001,0.6078389,0.23342359
338,8450.0,-0.26777574,-0.70788705,0.5952232,0.2700026
339,8475.0,-0.2683833,-0.7053145000000001,0.5920885,0.28272423
340,8500.0,-0.2698278,-0.7020659,0.59218776,0.28915405
341,8525.0,-0.27307420000000004,-0.69623476,0.5983765,0.2874599
342,8550.0,-0.28237718,-0.6774210999999999,0.6201793000000001,0.27702248
343,8575.0,-0.2842624,-0.6748376,0.6287589,0.26163208
344,8600.0,-0.28607577,-0.67591095,0.6347589,0.24163245
345,8625.0,-0.28763002,-0.67546225,0.6402456,0.22606473
346,8650.0,-0.29004565,-0.67213154,0.6440898,0.22194824
347,8675.0,-0.29874322,-0.66158855,0.64634526,0.23514004
348,8700.0,-0.30317548,-0.6544858,0.6480155,0.24455835
349,8725.0,-0.30902374,-0.64760715,0.6486311,0.25374594
350,8750.0,-0.31560922,-0.64058524,0.649146,0.26201296
351,8775.0,-0.33185570000000003,-0.62288725,0.6531992,0.27425173
352,8800.0,-0.33809498,-0.61605054,0.65687543,0.2732914
353,8825.0,-0.33799744,-0.6173468000000001,0.66047627,0.26155639999999997
354,8850.0,-0.32806209999999997,-0.63047934,0.6617239,0.23873118
355,8875.0,-0.27404097,-0.7126376999999999,0.6235166,0.16815488
356,8900.0,-0.2507951,-0.7530714,0.5915558000000001,0.14158744
357,8925.0,-0.23547257,-0.77753294,0.5701321,0.12224839
358,8950.0,-0.22391152,-0.7954621999999999,0.55301595,0.10619282
359,8975.0,-0.20541589,-0.81047124,0.54374874,0.07264989
360,9000.0,-0.19978076,-0.8104589,0.5472944000000001,0.06093381
361,9025.0,-0.20773648,-0.7919138000000001,0.5686966,0.07938669999999999
362,9050.0,-0.2118103,-0.7823874,0.5796020000000001,0.084070385
363,9075.0,-0.20832717,-0.75915265,0.6127983,0.06903102
364,9100.0,-0.21413308,-0.74972934,0.6211306,0.07905551
365,9125.0,-0.23203138,-0.7355719000000001,0.62608576,0.11450768
366,9150.0,-0.24541609,-0.7263454,0.6263321,0.1410722
367,9175.0,-0.25120777,-0.7180741,0.6314046,0.15030786
368,9200.0,-0.24792331,-0.71790934,0.6346107,0.14286152
369,9225.0,-0.24566229,-0.71923417,0.6353071,0.13688393
370,9250.0,-0.24536036,-0.71988744,0.63483155,0.13619561
371,9275.0,-0.25308898,-0.7153052,0.63317496,0.15288518
372,9300.0,-0.2602963,-0.7123158,0.62862986,0.17226870000000002
373,9325.0,-0.26714808,-0.70957476,0.62209004,0.19529356
374,9350.0,-0.27097875,-0.70789534,0.6174501,0.21026188
375,9375.0,-0.27302113,-0.70744646,0.6156183000000001,0.21445999999999998
376,9400.0,-0.27351484,-0.7088631,0.6135155,0.21517785
377,9425.0,-0.27515784,-0.7104024,0.61044174,0.21674271
378,9450.0,-0.27851903,-0.7090396,0.6076170999999999,0.22470301
379,9475.0,-0.2812441,-0.7073459,0.60197675,0.24122085
380,9500.0,-0.28366226,-0.70175266,0.58773595,0.28573656
381,9525.0,-0.28350866,-0.69679093,0.5838433000000001,0.30533957
382,9550.0,-0.28423393,-0.69246197,0.5823953000000001,0.31705385
383,9575.0,-0.28501806,-0.6877751999999999,0.5874348,0.31725442
384,9600.0,-0.2938567,-0.66787964,0.61361426,0.30176562
385,9625.0,-0.29693252,-0.66477895,0.6254735,0.28050476
386,9650.0,-0.2976139,-0.66708785,0.63471574,0.25210264
387,9675.0,-0.298098,-0.6712365,0.63923365,0.22794634
388,9700.0,-0.30452270000000004,-0.6673897,0.64146304,0.22445962
389,9725.0,-0.31272194,-0.65701264,0.6430954000000001,0.23867917
390,9750.0,-0.31872480000000003,-0.647271,0.6446927,0.25263828
391,9775.0,-0.32341620000000004,-0.64163923,0.64335674,0.26418394
392,9800.0,-0.33507547,-0.63052064,0.639138,0.28578103
393,9825.0,-0.34422440000000004,-0.6216635,0.6382448000000001,0.29612097
394,9850.0,-0.35047296,-0.61276966,0.64206785,0.29904994
395,9875.0,-0.35460976,-0.6067083000000001,0.64818585,0.2932781
396,9900.0,-0.3236452,-0.6410847,0.6599195999999999,0.22083989
397,9925.0,-0.27709454,-0.70799804,0.63145447,0.15238969
398,9950.0,-0.2570348,-0.748925,0.59396803,0.1422902
399,9975.0,-0.24721567,-0.7691585999999999,0.57340276,0.13597324
400,10000.0,-0.23688106,-0.7973855,0.53734064,0.13902791
401,10025.0,-0.23494719,-0.79582983,0.5419324000000001,0.13328148
402,10050.0,-0.22523504,-0.80324495,0.5406844,0.108291686
403,10075.0,-0.22975963,-0.7897598000000001,0.55707103,0.11472508
404,10100.0,-0.22682582,-0.77408177,0.5822852,0.10144641
405,10125.0,-0.22730058,-0.7597126000000001,0.6015303000000001,0.09660513
406,10150.0,-0.23509878,-0.747913,0.61054355,0.11221092
407,10175.0,-0.2510288,-0.73368263,0.61437017,0.14575201
408,10200.0,-0.25952062,-0.7257568,0.6150081999999999,0.16640618
409,10225.0,-0.2605668,-0.72008294,0.62104225,0.16700917
410,10250.0,-0.25658515,-0.72043884,0.6250621999999999,0.15629824
411,10275.0,-0.2517744,-0.7215713,0.6280823,0.14648244
412,10300.0,-0.25330967,-0.7196123999999999,0.6289274,0.14980815
413,10325.0,-0.2612487,-0.71509326,0.62443066,0.17457706
414,10350.0,-0.2641133,-0.71340257,0.6214932,0.18720877
415,10375.0,-0.26531574,-0.71229684,0.61870974,0.19859256
416,10400.0,-0.26697785,-0.71099937,0.6164479,0.20783345
417,10425.0,-0.27047807,-0.7119736999999999,0.6120542,0.21289584
418,10450.0,-0.27159035,-0.71290123,0.6101721,0.21377686
419,10475.0,-0.27359203,-0.7115807,0.6076519,0.22261973
420,10500.0,-0.27712652,-0.70969844,0.60184574,0.23939666
421,10525.0,-0.27777199999999996,-0.70502216,0.58950645,0.2797653
422,10550.0,-0.27762570000000003,-0.7013302,0.58617455,0.29573518
423,10575.0,-0.27761114,-0.69954485,0.5857541,0.30076766
424,10600.0,-0.2794915,-0.6946593000000001,0.5921535,0.29780397
425,10625.0,-0.28712952,-0.678897,0.6142269,0.28174594
426,10650.0,-0.28856543,-0.6770369,0.62428594,0.26195058
427,10675.0,-0.28874394,-0.6786705,0.63232833,0.23705292
428,10700.0,-0.28956845,-0.67863345,0.6382835,0.21954714
429,10725.0,-0.29650879999999996,-0.6688754,0.6440138000000001,0.22346018
430,10750.0,-0.30153969999999997,-0.6628413000000001,0.64390504,0.23473713
431,10775.0,-0.30740172,-0.6556333000000001,0.64398974,0.24683268
432,10800.0,-0.31137657,-0.6498823,0.6447911999999999,0.25483707
433,10825.0,-0.32266438,-0.6348963000000001,0.6487229,0.26824066
434,10850.0,-0.33336765,-0.62345606,0.6508258000000001,0.27675679999999997
435,10875.0,-0.34069818,-0.6155433000000001,0.65346515,0.2793107
436,10900.0,-0.34321794,-0.6154843000000001,0.6550169,0.27264145
437,10925.0,-0.33047150000000003,-0.6324524,0.65608686,0.24564724
438,10950.0,-0.26356290000000004,-0.73821646,0.6008901999999999,0.15653124
439,10975.0,-0.24946393,-0.7626414,0.5787340999999999,0.14564586
440,11000.0,-0.2420038,-0.7779658,0.56214714,0.14210582
441,11025.0,-0.23241383,-0.79440546,0.54375833,0.13867447
442,11050.0,-0.22564922,-0.798545,0.54152906,0.13473885
443,11075.0,-0.2222445,-0.79580116,0.5498227,0.12248639
444,11100.0,-0.22675557,-0.78081983,0.5682385,0.12651989
445,11125.0,-0.2273601,-0.7704615,0.5829905,0.12173117
446,11150.0,-0.22072257,-0.75291854,0.6128562,0.093821526
447,11175.0,-0.22059958,-0.74517477,0.6230057,0.08896236
448,11200.0,-0.23347874,-0.73138714,0.63023585,0.115599744
449,11225.0,-0.24469618,-0.7232960999999999,0.6301574000000001,0.14095439999999998
450,11250.0,-0.26054160000000004,-0.7091451,0.63017946,0.17917909
451,11275.0,-0.26332983,-0.70494664,0.63076603,0.18931936
452,11300.0,-0.26381576,-0.7036493,0.6306333000000001,0.19385701
453,11325.0,-0.26153082,-0.70515436,0.6305791000000001,0.19164805
454,11350.0,-0.25698826,-0.710264,0.62968034,0.18161716
455,11375.0,-0.2588377,-0.7093371,0.6283913000000001,0.18699801
456,11400.0,-0.26160705,-0.70640105,0.6261920999999999,0.20110385
457,11425.0,-0.26407045,-0.70400256,0.6233188000000001,0.21475776
458,11450.0,-0.26382568,-0.70708734,0.6171651999999999,0.22255467
459,11475.0,-0.26324359999999997,-0.7084664,0.61613625,0.22170755
460,11500.0,-0.26320714,-0.71036017,0.6150032,0.21881822
461,11525.0,-0.26422587,-0.7113009,0.6123695,0.22189933
462,11550.0,-0.2644778,-0.7086752,0.6018514,0.25613636
463,11575.0,-0.26501003,-0.70672786,0.59535795,0.27541667
464,11600.0,-0.26387703,-0.70511603,0.59274536,0.28606504
465,11625.0,-0.26487756,-0.69955075,0.5957978,0.29239288
466,11650.0,-0.26790398,-0.68944705,0.6056956,0.29329678
467,11675.0,-0.27373874,-0.679651,0.6257720999999999,0.26748994
468,11700.0,-0.27505064,-0.6803073000000001,0.6343313,0.24321361
469,11725.0,-0.2757638,-0.6821494,0.64063644,0.21957113
470,11750.0,-0.2784563,-0.68098545,0.6449555,0.20676878
471,11775.0,-0.28455147,-0.66981643,0.6514555000000001,0.21443443
472,11800.0,-0.28726068,-0.66485643,0.6528581,0.22186373
473,11825.0,-0.2912599,-0.6589781,0.6541720999999999,0.2301616
474,11850.0,-0.29497197,-0.6531401,0.65627205,0.23602216
475,11875.0,-0.30251998,-0.6419536,0.6623069,0.24026415
476,11900.0,-0.30160192,-0.64001733,0.6675083,0.23204921
477,11925.0,-0.29598509999999995,-0.6437894000000001,0.67189837,0.21559360000000002
478,11950.0,-0.28470695,-0.65716356,0.67053133,0.19356076
479,11975.0,-0.24253015,-0.7328885,0.61497545,0.16080657
480,12000.0,-0.22873639,-0.7613478,0.58706796,0.15290663
481,12025.0,-0.21723825,-0.78041047,0.5689797,0.14152426
482,12050.0,-0.20745459,-0.7966106,0.5522607,0.13184193
483,12075.0,-0.19459349,-0.80054885,0.55803734,0.09924326
484,12100.0,-0.18878809,-0.79909927,0.5648433,0.082167536
485,12125.0,-0.18979509,-0.7863538,0.58172816,0.08495768
486,12150.0,-0.18695898,-0.77919203,0.5933215999999999,0.076652445
487,12175.0,-0.1861283,-0.7558443,0.62453645,0.06332365400000001
488,12200.0,-0.19576332,-0.7442998000000001,0.63297796,0.08386553
489,12225.0,-0.20711803,-0.73545116,0.63514274,0.113169685
490,12250.0,-0.21475998,-0.7310909000000001,0.6341741,0.13117696
491,12275.0,-0.21803892,-0.7273242,0.6360526999999999,0.13746075
492,12300.0,-0.21609032,-0.7281486,0.63653266,0.13390575
493,12325.0,-0.21688695,-0.72731674,0.6364890999999999,0.13730262
494,12350.0,-0.21982567,-0.7241846,0.6368064999999999,0.14734611
495,12375.0,-0.22277346,-0.71991366,0.6379608,0.15843719
496,12400.0,-0.22215658,-0.71984535,0.6361895000000001,0.1665294
497,12425.0,-0.22330160000000002,-0.7211081,0.63326,0.17064968
498,12450.0,-0.22528544,-0.7214086999999999,0.63121873,0.17429513
499,12475.0,-0.2263181,-0.7224324000000001,0.6292847,0.17570524
500,12500.0,-0.22998396,-0.7229469000000001,0.6246624,0.18507324
501,12525.0,-0.23156138,-0.72080487,0.6228041999999999,0.19731842
502,12550.0,-0.23040067,-0.722589,0.6176753,0.20798542
503,12575.0,-0.23087476,-0.7221776999999999,0.6126863,0.22309595
504,12600.0,-0.23095372,-0.7190199,0.6075415,0.24609783
505,12625.0,-0.23029189,-0.7169106,0.60959315,0.24779242
506,12650.0,-0.23233446,-0.7083938,0.6191201999999999,0.24675708
507,12675.0,-0.23211712,-0.7084651,0.6191959,0.24656713
508,12700.0,-0.23565447,-0.69892204,0.6361751,0.22639841
509,12725.0,-0.23837267,-0.6980177,0.64193374,0.20945352
510,12750.0,-0.24134181,-0.69863784,0.6464109,0.18924126
511,12775.0,-0.24397916,-0.69802535,0.65019983,0.17457089
512,12800.0,-0.24829347,-0.6906616999999999,0.65692586,0.17258392
513,12825.0,-0.24845088,-0.6864380999999999,0.6599311,0.17766789
514,12850.0,-0.24891642,-0.68191797,0.663171,0.1822985
515,12875.0,-0.24918075,-0.67778474,0.6670016,0.183373
516,12900.0,-0.24991271,-0.6700393,0.67595464,0.17797838
517,12925.0,-0.24841423,-0.6690996,0.6793788000000001,0.17041284
518,12950.0,-0.24441350000000003,-0.67167896,0.6812748000000001,0.1580321
519,12975.0,-0.23550226,-0.6795821999999999,0.6805635999999999,0.13978507
520,13000.0,-0.21321556,-0.72029376,0.65097916,0.10928014
521,13025.0,-0.20277257,-0.75635374,0.61187416,0.111455485
522,13050.0,-0.19501549,-0.77761394,0.5877469,0.108807445
523,13075.0,-0.18844919,-0.79306686,0.5696509,0.10502239999999999
524,13100.0,-0.18026157,-0.8088939,0.5502887,0.10187617
525,13125.0,-0.17005111,-0.8094979999999999,0.5570634,0.073999316
526,13150.0,-0.16922028,-0.7976078000000001,0.5746243000000001,0.070662506
527,13175.0,-0.16802332,-0.7878196999999999,0.5888186,0.06633935
528,13200.0,-0.16535379999999997,-0.77949315,0.6017434,0.054345164
529,13225.0,-0.16487886,-0.7560772,0.63225216,0.037676204
530,13250.0,-0.17241895,-0.74601674,0.6406068,0.05791002
531,13275.0,-0.18027827,-0.74118894,0.6417243,0.079552755
532,13300.0,-0.18495128,-0.738321,0.6418018,0.093624815
533,13325.0,-0.18796118,-0.73550034,0.64231837,0.105531946
534,13350.0,-0.18965624,-0.73484313,0.6415278,0.11170601
535,13375.0,-0.19349994,-0.73277825,0.6407698000000001,0.12250672
536,13400.0,-0.19470295,-0.7314795999999999,0.64055157,0.12931411
537,13425.0,-0.20039545,-0.72824246,0.6403915,0.13929585
538,13450.0,-0.20292586,-0.7281443,0.63781387,0.14771758
539,13475.0,-0.20374724,-0.72829676,0.63469154,0.15886317
540,13500.0,-0.20397535,-0.7293295999999999,0.6313632,0.16689186
541,13525.0,-0.20439105,-0.735405,0.62406766,0.16716254
542,13550.0,-0.20663022,-0.73556095,0.62189126,0.17177106
543,13575.0,-0.20849754,-0.7344165,0.6199712,0.18109922
544,13600.0,-0.20970885,-0.7340104000000001,0.61618954,0.19380757
545,13625.0,-0.20901550000000002,-0.7337578,0.6092604,0.2161338
546,13650.0,-0.20991716,-0.7339045,0.6071409000000001,0.22067834
547,13675.0,-0.21240246,-0.72799987,0.6128693000000001,0.22201928
548,13700.0,-0.21550444,-0.719248,0.62279207,0.2199323
549,13725.0,-0.21992466,-0.71625245,0.6321691999999999,0.19742773
550,13750.0,-0.22411843,-0.7168179,0.6350099,0.18084653
551,13775.0,-0.22665167,-0.7163055,0.6387194,0.16605143
552,13800.0,-0.23006749,-0.7120509,0.643257,0.16208895
553,13825.0,-0.23247403,-0.7079741,0.6461286,0.16506466
554,13850.0,-0.23484236,-0.7007180000000001,0.6500706,0.17678122
555,13875.0,-0.23824666,-0.6968061,0.65161765,0.18191813
556,13900.0,-0.23898200000000003,-0.69371796,0.6547327,0.18157111
557,13925.0,-0.23908000000000001,-0.69099534,0.6583551,0.17870288
558,13950.0,-0.23496039999999999,-0.6900645000000001,0.66522735,0.16148424
559,13975.0,-0.23029928,-0.692595,0.66804487,0.14488083
560,14000.0,-0.22451128,-0.69967914,0.6664831,0.12587333
561,14025.0,-0.2131138,-0.7243646,0.64630264,0.11032370000000001
562,14050.0,-0.19628015,-0.7826006999999999,0.57879055,0.11837144
563,14075.0,-0.1888683,-0.79688627,0.56297684,0.11116699
564,14100.0,-0.1833848,-0.80241543,0.5571975,0.10968307
565,14125.0,-0.1823784,-0.79481924,0.5694109,0.10378697
566,14150.0,-0.17800534,-0.7912236,0.57863593,0.0863702
567,14175.0,-0.17589413,-0.786516,0.58692926,0.0772522
568,14200.0,-0.1721914,-0.7803201999999999,0.5979977,0.062041704
569,14225.0,-0.16900317,-0.7708119999999999,0.61239225,0.04756645
570,14250.0,-0.18018132,-0.7497563,0.6316065,0.080457166
571,14275.0,-0.18833958,-0.7441437,0.63185304,0.10742477
572,14300.0,-0.19160682,-0.7420180000000001,0.63107765,0.12015461
573,14325.0,-0.19169170000000002,-0.74199605,0.6310639,0.12022680000000001
574,14350.0,-0.19025457,-0.7434026999999999,0.6314681,0.111371756
575,14375.0,-0.19057739999999998,-0.7411365,0.6341679,0.11058061599999999
576,14400.0,-0.19389236,-0.73704493,0.63680565,0.116829425
577,14425.0,-0.19719484,-0.7336209,0.6380725,0.125611
578,14450.0,-0.20113201,-0.7310344,0.6374518,0.13707593
579,14475.0,-0.20340756,-0.73446614,0.62867206,0.15477838
580,14500.0,-0.20435041,-0.7370045999999999,0.62172383,0.1688924
581,14525.0,-0.20411798,-0.7405252,0.6144236999999999,0.18011622
582,14550.0,-0.20505138,-0.7436668000000001,0.60870844,0.18543893
583,14575.0,-0.20347624,-0.7533885,0.59450877,0.1938104
584,14600.0,-0.20370403,-0.7578981,0.5879312,0.19604075
585,14625.0,-0.20361887,-0.7582291,0.5868352,0.19812246
586,14650.0,-0.20484765,-0.7509207,0.5932535,0.20544066
587,14675.0,-0.20835803,-0.736777,0.6050211999999999,0.21839403
588,14700.0,-0.21032411,-0.7348493,0.60843396,0.21346758
589,14725.0,-0.21206255,-0.7334523000000001,0.61379033,0.20084465
590,14750.0,-0.2133438,-0.72921926,0.62290055,0.18632925
591,14775.0,-0.21708292,-0.7224647,0.63260746,0.17529275
592,14800.0,-0.21746165,-0.72115487,0.6329804,0.17883484
593,14825.0,-0.21657531,-0.7204411000000001,0.6331899000000001,0.18201715
594,14850.0,-0.21765864,-0.7188726,0.63356525,0.18558547
595,14875.0,-0.21384741,-0.71376956,0.64406586,0.17315160000000002
596,14900.0,-0.20608605,-0.7129525999999999,0.65340436,0.14929785
597,14925.0,-0.19648078,-0.7124252,0.66188496,0.12551489999999998
598,14950.0,-0.18624243,-0.7148241,0.6653151999999999,0.10814807
599,14975.0,-0.15832745,-0.78227675,0.59554625,0.09110557
600,15000.0,-0.15138066,-0.7997208,0.57305396,0.09560145
601,15025.0,-0.14882593,-0.8104273,0.55630183,0.10764154
602,15050.0,-0.14814249,-0.8178017,0.54248595,0.122323945
603,15075.0,-0.11122474,-0.8312847,0.54293966,0.042560447
604,15100.0,-0.10202574,-0.8318634,0.54482406,0.027582807
605,15125.0,-0.09810334,-0.8238030000000001,0.5573861,0.032327507000000005
606,15150.0,-0.08589154,-0.8190786,0.5670006999999999,0.015590273
607,15175.0,0.062944345,0.8151554,-0.5753996,0.02179577
608,15200.0,0.011578606000000002,0.80082107,-0.5891466999999999,0.10704118
609,15225.0,-0.0027750258000000002,0.79259944,-0.5964649000000001,0.12652309
610,15250.0,-0.00627606,0.78432477,-0.60799885,0.12301485
611,15275.0,-0.0015013069,0.77529263,-0.6225187,0.106721655
612,15300.0,0.029402565,0.7646975,-0.6424251999999999,0.040781938
613,15325.0,-0.051765165999999994,-0.7594102,0.648521,0.006081136
614,15350.0,-0.07075955,-0.75311583,0.65251935,0.045034695
615,15375.0,-0.07616755,-0.75040394,0.6541441,0.056462023
616,15400.0,-0.06580673,-0.7632932,0.64175576,0.034677736
617,15425.0,-0.0695345,-0.7586341999999999,0.6466744000000001,0.0380964
618,15450.0,-0.073512726,-0.75350696,0.65189666,0.043056928
619,15475.0,-0.082041934,-0.7504571,0.6530701,0.05985518
620,15500.0,-0.08629685,-0.7478596,0.6554095999999999,0.06080425
621,15525.0,-0.08827982,-0.74772424,0.6556115,0.05734731
622,15550.0,-0.090121664,-0.74774307,0.65532863,0.0574693
623,15575.0,-0.094419375,-0.74885225,0.6527529000000001,0.06495327
624,15600.0,-0.096867144,-0.75804996,0.6430246000000001,0.049963455999999996
625,15625.0,-0.09858422,-0.7638182,0.63595223,0.04927133
626,15650.0,-0.11180384,-0.762707,0.63218355,0.07824249999999999
627,15675.0,-0.124559015,-0.75880283,0.6299142,0.10913927
628,15700.0,-0.13849217,-0.7558566999999999,0.62518257,0.13655528
629,15725.0,-0.14041205,-0.7519359,0.6323310999999999,0.1226144
630,15750.0,-0.14507458,-0.7466825,0.6386358,0.11645955
631,15775.0,-0.15403944,-0.74330634,0.63889444,0.124825634
632,15800.0,-0.17275253,-0.7303533,0.64253014,0.15458214
633,15825.0,-0.17853047,-0.7287298000000001,0.6428887,0.15418766
634,15850.0,-0.18581955,-0.7275587,0.64131916,0.15760439999999998
635,15875.0,-0.19757318,-0.7210890999999999,0.6397369,0.17813465
636,15900.0,-0.21103781,-0.7118627,0.6374744000000001,0.2057692
637,15925.0,-0.22789727,-0.70478004,0.6306574,0.23155822
638,15950.0,-0.2360103,-0.70210487,0.6279449,0.23881616
639,15975.0,-0.24143379999999998,-0.7019745,0.6224929,0.24787922
640,16000.0,-0.24701835,-0.6994484000000001,0.6179969,0.26044914
641,16025.0,-0.2529567,-0.6869404,0.60417134,0.31480595
642,16050.0,-0.2525018,-0.6766934,0.60175836,0.34090433
643,16075.0,-0.25454977,-0.6672011999999999,0.60684884,0.34897196
644,16100.0,-0.2588669,-0.65772974,0.6210273000000001,0.3386807
645,16125.0,-0.26369345,-0.6542578,0.660502,0.25719568
646,16150.0,-0.25886953,-0.6597291000000001,0.6731776999999999,0.2111299
647,16175.0,-0.25160292,-0.6668706999999999,0.6797368,0.17302418
648,16200.0,-0.2458592,-0.6743616,0.67997724,0.14973533
649,16225.0,-0.2542929,-0.6651315,0.67795414,0.18251957
650,16250.0,-0.26437309999999997,-0.65638953,0.6734361,0.21387729999999996
651,16275.0,-0.27358967,-0.64725167,0.67028123,0.2386149
652,16300.0,-0.28420123,-0.6370111999999999,0.6685755999999999,0.25778508
653,16325.0,-0.30925405,-0.61299384,0.6733686,0.27418109999999996
654,16350.0,-0.31217232,-0.6071346,0.68281245,0.26019827
655,16375.0,-0.31299618,-0.60390615,0.69150877,0.24320021
656,16400.0,-0.3133597,-0.6030543,0.69723636,0.228019
657,16425.0,-0.25438023,-0.65010786,0.70242214,0.13875732
658,16450.0,-0.23382170000000002,-0.69952995,0.6622165,0.13211598
659,16475.0,-0.22005570000000002,-0.74677646,0.6118408000000001,0.13982588
660,16500.0,-0.21147864,-0.77101034,0.584097,0.14018010000000003
661,16525.0,-0.19511442,-0.8069451,0.5411669,0.13382208
662,16550.0,-0.19262326,-0.812451,0.5343819000000001,0.13136075
663,16575.0,-0.18405633,-0.81414944,0.5383131999999999,0.11620165
664,16600.0,-0.17094737,-0.817511,0.54217535,0.092187904
665,16625.0,-0.16240072,-0.80948174,0.5594332,0.073483
666,16650.0,0.11235810000000002,0.799219,-0.5903444999999999,0.010863577
667,16675.0,0.09582402,0.78557837,-0.61001545,0.03956619
668,16700.0,0.11716598,0.770833,-0.6261095999999999,0.008680926
669,16725.0,-0.15411225,-0.75747883,0.63272667,0.046175618
670,16750.0,-0.19810966,-0.74162155,0.6310585,0.11187129
671,16775.0,-0.21025021,-0.736581,0.6292465,0.13149966
672,16800.0,-0.22010309,-0.7316507,0.62732893,0.15066627
673,16825.0,-0.22727892,-0.72907907,0.62455374,0.16346446
674,16850.0,-0.23462485,-0.7251486999999999,0.62247264,0.17787199
675,16875.0,-0.23686655,-0.72325313,0.6224269,0.18271254
676,16900.0,-0.23686655,-0.72325313,0.6224269,0.18271254
677,16925.0,-0.23686655,-0.72325313,0.6224269,0.18271254
678,16950.0,-0.23686655,-0.72325313,0.6224269,0.18271254
679,16975.0,-0.23686655,-0.72325313,0.6224269,0.18271254
680,17000.0,-0.23686655,-0.72325313,0.6224269,0.18271254
681,17025.0,-0.23686655,-0.72325313,0.6224269,0.18271254
682,17050.0,-0.23686655,-0.72325313,0.6224269,0.18271254
683,17075.0,-0.23686655,-0.72325313,0.6224269,0.18271254
684,17100.0,-0.23686655,-0.72325313,0.6224269,0.18271254
685,17125.0,-0.23686655,-0.72325313,0.6224269,0.18271254
686,26450.0,-0.23686655,-0.72325313,0.6224269,0.18271254
687,26475.0,-0.23686655,-0.72325313,0.6224269,0.18271254
688,26500.0,-0.23686655,-0.72325313,0.6224269,0.18271254
689,26525.0,-0.23686655,-0.72325313,0.6224269,0.18271254
690,26550.0,-0.23686655,-0.72325313,0.6224269,0.18271254
691,26575.0,-0.23686655,-0.72325313,0.6224269,0.18271254
692,26600.0,-0.23686655,-0.72325313,0.6224269,0.18271254
693,26625.0,-0.23686655,-0.72325313,0.6224269,0.18271254
694,26650.0,-0.23686655,-0.72325313,0.6224269,0.18271254
695,26675.0,0.094285026,-0.0036421440000000004,-0.16690777,0.98144734
696,26700.0,0.09679089,-0.005383881,-0.15989952,0.9823618000000001
697,26725.0,0.09803934,-0.0066176173,-0.15162991,0.983541
698,26750.0,0.097305976,-0.0076881875,-0.14636716,0.9844029000000001
699,26775.0,0.096464045,-0.008519678000000001,-0.14291401,0.9849860999999999
700,26800.0,0.09794526,-0.01152519,-0.13907713,0.98535854
701,26825.0,0.10406522,-0.01374165,-0.13083698,0.98583126
702,26850.0,0.10707659,-0.013439133999999998,-0.12518786,0.9862464
703,26875.0,0.11012989,-0.01298163,-0.12191047,0.9863269
704,26900.0,0.11617409,-0.014917258999999999,-0.11209151,0.98677075
705,26925.0,0.12041637,-0.014961746000000001,-0.109369576,0.98656696
706,26950.0,0.12583685,-0.013734888,-0.10765245,0.98609704
707,26975.0,0.13053209,-0.011965658,-0.10399365,0.98590237
708,27000.0,0.12902413,-0.0076509216,-0.10886185599999999,0.98561823
709,27025.0,0.12860775,-0.005908027,-0.10640791,0.98595256
710,27050.0,0.12822354,-0.0051666186,-0.10485944,0.9861726999999999
711,27075.0,0.12672769,-0.004193974699999999,-0.102056436,0.9866646000000001
712,27100.0,0.12177767,-0.0014228956,-0.103236124,0.98717296
713,27125.0,0.11994175,-0.0006500926,-0.09992739999999999,0.98773885
714,27150.0,0.11949260000000002,-0.0015324734,-0.09348363,0.9884229999999999
715,27175.0,0.11873029,-0.0076586630000000004,-0.080789424,0.9896046999999999
716,27200.0,0.11382523,-0.007938514,-0.07089219,0.99093646
717,27225.0,0.112069346,-0.0064837346,-0.06974643,0.99122846
718,27250.0,0.109898165,-0.00741323,-0.06381646,0.9918644
719,27275.0,0.10720565,-0.011035686000000001,-0.055627074000000006,0.99261814
720,27300.0,0.10504197,-0.013188968,-0.045711617999999996,0.9933291
721,27325.0,0.103464425,-0.009668488000000001,-0.048918504,0.9933824
722,27350.0,0.10725204,0.0014649463,-0.07159539,0.9916495999999999
723,27375.0,0.10638601,0.0042010085,-0.07723684,0.99131167
724,27400.0,0.11058736599999999,0.005518677,-0.07896658,0.99070895
725,27425.0,0.11905962,6.459721599999999e-06,-0.065046735,0.9907541
726,27450.0,0.122481786,0.00035607544,-0.06377572599999999,0.9904195
727,27475.0,0.12593913,0.00480806,-0.06908475,0.9896179
728,27500.0,0.12905928,0.009671404,-0.07641067,0.98864126
729,27525.0,0.14365508,0.013989332,-0.07714189,0.9865174000000001
730,27550.0,0.14895828,0.012989613,-0.07108256,0.98619974
731,27575.0,0.15288886,0.01164618,-0.064965196,0.98603696
732,27600.0,0.15401426,0.010162123,-0.061098087999999995,0.9861254
733,27625.0,0.14808765,0.008890098,-0.057698585,0.9872496999999999
734,27650.0,0.14586473,0.011332608000000001,-0.060364354,0.9873962
735,27675.0,0.14471489999999998,0.013462823999999998,-0.059229597,0.9876073000000001
736,27700.0,0.14390253,0.011697701000000001,-0.054540973,0.98801845
737,27725.0,0.14134145,0.016254919,-0.05570978,0.9882584999999999
738,27750.0,0.13974316,0.020673111,-0.058823485,0.9882228000000001
739,27775.0,0.13829319,0.024172693,-0.06072154,0.98823255
740,27800.0,0.13721597,0.025361424,-0.05832463,0.98849726
741,27825.0,0.12946193,0.024368409,-0.051562354000000005,0.98994297
742,27850.0,0.12689473,0.026166467000000002,-0.05211865,0.99020034
743,27875.0,0.12597397,0.026774442000000002,-0.051512707000000005,0.9903333000000001
744,27900.0,0.12665129,0.026161851,-0.047047827,0.9904854999999999
745,27925.0,0.12874465,0.02567821,-0.03720511,0.9906469000000001
746,27950.0,0.12888385,0.025335367999999997,-0.035556782,0.99069816
747,27975.0,0.13033578,0.02648941,-0.03433114,0.9905212
748,28000.0,0.1335905,0.02799847,-0.035040117999999995,0.9900211
749,28025.0,0.15035762,0.03310953,-0.036954812999999996,0.9873858
750,28050.0,0.14941679,0.034952004,-0.04006517,0.9873438
751,28075.0,0.14557597,0.035908422999999995,-0.04204627,0.9878008
752,28100.0,0.14267425,0.03700444,-0.041066486,0.9882248
753,28125.0,0.14175828,0.036888678,-0.038850084,0.9884504999999999
754,28150.0,0.14585312,0.035160113,-0.028329247999999998,0.9882753000000001
755,28175.0,0.14727552,0.032914147000000005,-0.020562856,0.9883337999999999
756,28200.0,0.14721557,0.033181272000000005,-0.018769847,0.9883695
757,28225.0,0.14267924,0.028688622999999996,-0.0071871714,0.9893270000000001
758,28250.0,0.13914166,0.026927417000000002,0.003165425,0.98990124
759,28275.0,0.13487625,0.027111936,0.00423868,0.9904824000000001
760,28300.0,0.12966786,0.026515655,0.007969816,0.9911708
761,28325.0,0.12641536,0.024661534,0.010683893,0.99161327
762,28350.0,0.12866782,0.019854778,0.025958072000000002,0.9911491
763,28375.0,0.12740304,0.019528884,0.027540337,0.99127626
764,28400.0,0.12382514,0.020191977,0.030541262000000003,0.9916284
765,28425.0,0.1193507,0.022493085,0.026575692,0.9922415000000001
766,28450.0,0.11801967,0.027890416,0.019356828,0.99243075
767,28475.0,0.121775635,0.02856429,0.020717686000000003,0.9919302
768,28500.0,0.12773545,0.028077485,0.023018423,0.9911435
769,28525.0,0.13275184,0.029546965,0.020230975,0.99050224
770,28550.0,0.14100936,0.035763584,0.008631168,0.98932445
771,28575.0,0.14304659,0.035134755,0.011137158999999999,0.9890294
772,28600.0,0.14656012,0.0378431,0.0070195138,0.98845273
773,28625.0,0.15089768,0.042176532999999995,-9.315701999999999e-05,0.98764926
774,28650.0,0.15555608,0.044832997,-0.0048501724,0.9867971999999999
775,28675.0,0.16344509,0.044440205999999996,-0.0018535169,0.9855493000000001
776,28700.0,0.16593479,0.042490035,0.0026615881,0.98521733
777,28725.0,0.16662101,0.045239842999999995,0.00063339696,0.98498243
778,28750.0,0.1670834,0.048188385,-0.0018774313,0.98476267
779,28775.0,0.16877666,0.05046651,0.0046517616,0.9843504999999999
780,28800.0,0.16785772,0.050077878,0.007296586,0.98451144
781,28825.0,0.16395389999999999,0.05044475,0.007198011999999999,0.98515105
782,28850.0,0.16002011,0.05298694599999999,0.0039902016999999994,0.98568255
783,28875.0,0.15832801,0.054299373,0.005750474,0.9858756
784,28900.0,0.15768376,0.053512514000000004,0.007803912,0.98600775
785,28925.0,0.15431756,0.052763034,0.012899104,0.98652714
786,28950.0,0.14855342,0.05128016,0.01803936,0.9874091
787,28975.0,0.14232107,0.046594255,0.028026884,0.98832595
788,29000.0,0.14457506,0.04506827,0.032238558,0.9879411
789,29025.0,0.14808215,0.04308916,0.033647500000000004,0.9874628000000001
790,29050.0,0.15494336,0.041085444,0.034156304,0.9864775
791,29075.0,0.15986444,0.040939342000000004,0.02610912,0.98594403
792,29100.0,0.16155824,0.0399821,0.024237988999999998,0.98575497
793,29125.0,0.16508213,0.038948163,0.022616737,0.98525095
794,29150.0,0.17001064,0.038827594,0.021437142000000003,0.9844436
795,29175.0,0.17773719,0.039887123,0.022189356,0.9830189
796,29200.0,0.17992648,0.03863804,0.02361282,0.9826372999999999
797,29225.0,0.18596071,0.03696504,0.026994634,0.98149043
798,29250.0,0.18749519,0.035207237999999995,0.029599177,0.981188
799,29275.0,0.18380208,0.030372477999999998,0.03859684,0.9817355
800,29300.0,0.1804527,0.02876396,0.045619707999999995,0.9821040000000001
801,29325.0,0.177276,0.027567266,0.05610272,0.982174
802,29350.0,0.17444952,0.02564579,0.066509955,0.98208255
803,29375.0,0.16701837,0.020697918,0.08443972,0.98211324
804,29400.0,0.1591141,0.020077595,0.08975593,0.98296666
805,29425.0,0.15678409,0.019974519,0.09304985,0.9830369000000001
806,29450.0,0.15532252,0.018067963,0.09822058,0.9828027
807,29475.0,0.15381451,0.014679076000000001,0.10689133,0.9821914
808,29500.0,0.14894433,0.008660599,0.11788566,0.9817553
809,29525.0,0.14606135,0.0075511537,0.115532756,0.98247707
810,29550.0,0.14511928,0.010363065999999999,0.1087606,0.9833636999999998
811,29575.0,0.14669289,0.012497001,0.10566154,0.98344326
812,29600.0,0.15140742,0.014351001,0.10095516,0.9831978000000001
813,29625.0,0.15322492,0.015047956000000001,0.10110388,0.9828905000000001
814,29650.0,0.15481289,0.015848985,0.09954637,0.9827879999999999
815,29675.0,0.15614553,0.016571777,0.097232714,0.9827969000000001
816,29700.0,0.15585610000000003,0.018247153999999998,0.094343804,0.9830947
817,29725.0,0.15466845,0.019250875,0.09391475,0.98330414
818,29750.0,0.15404356,0.019206187,0.097664334,0.9830378000000001
819,29775.0,0.15330945,0.021179339,0.09644043,0.98323286
820,29800.0,0.14785179999999998,0.030651301000000002,0.08627814,0.98476213
821,29825.0,0.14785179999999998,0.030651301000000002,0.08627814,0.98476213
822,29850.0,0.14785179999999998,0.030651301000000002,0.08627814,0.98476213
823,29875.0,0.14785179999999998,0.030651301000000002,0.08627814,0.98476213
824,29900.0,0.14785179999999998,0.030651301000000002,0.08627814,0.98476213
825,29925.0,0.14785179999999998,0.030651301000000002,0.08627814,0.98476213
